"","web_url","snippet","lead_paragraph","print_page","source","pub_date","document_type","news_desk","section_name","subsectoinName","type_of_material","_id","word_count","score","uri","headline.main","headline.kicker","headline.content_kicker","headline.print_headline","headline.name","headline.seo","headline.sub","byline.original","byline.organization"
"1","https://www.nytimes.com/2019/03/19/us/politics/steve-king-white-society.html","Representative Steve King of Iowa, already under fire for racism, fumbles his answer when asked at a town-hall-style meeting whether a white society is superior to a nonwhite society.","Representative Steve King of Iowa, already under fire for racism, fumbles his answer when asked at a town-hall-style meeting whether a white society is superior to a nonwhite society.","18","The New York Times","2019-03-19T21:37:49+0000","article","Washington","U.S.","Politics","News","5c91618649f0eacbf105defb",612,0,"nyt://article/f83cde0f-7c01-5234-8f5a-b2e34199e949","Asked Whether White Societies Are Superior, Steve King Demurs",NA,NA,"Given Chance to Disavow White Supremacy, Iowa Congressman Demurs",NA,NA,NA,"By CATIE EDMONDSON",NA
"2","https://www.nytimes.com/2019/03/20/us/politics/fed-rates.html","The Federal Reserve lowered its growth forecast to 2.1 percent this year, far less rosy than White House projections, as it detected signs of a slowing economy.","The Federal Reserve lowered its growth forecast to 2.1 percent this year, far less rosy than White House projections, as it detected signs of a slowing economy.","1","The New York Times","2019-03-20T09:00:02+0000","article","Washington","U.S.","Politics","News","5c92016d49f0eacbf105e03e",1443,0,"nyt://article/11afaddd-4dc7-569e-9453-f6bc50b2fbaf","Fed, Dimming Its Economic Outlook, Predicts No Rate Increases This Year",NA,NA,"Fed Downgrades Forecast, Leaving Rates Unchanged ",NA,NA,NA,"By JIM TANKERSLEY",NA
"3","https://www.nytimes.com/video/us/politics/100000006420678/trump-mccain-attacks.html","President Trump continued his criticism of the late Senator John McCain during a speech at a tank plant in Lima, Ohio, on Wednesday.","President Trump continued his criticism of the late Senator John McCain during a speech at a tank plant in Lima, Ohio, on Wednesday.",NA,"AP","2019-03-20T21:59:52+0000","multimedia","U.S. / Politics","U.S.","Politics","Video","5c92b83249f0eacbf105e275",218,0,"nyt://video/3ab8607c-78a4-583b-b1c7-1a53ce2097ae","Trump: McCain Was ‘Not My Kind of Guy’",NA,NA,NA,NA,NA,NA,"By THE ASSOCIATED PRESS","THE ASSOCIATED PRESS"
"4","https://www.nytimes.com/2019/03/19/us/politics/george-conway-kellyanne-conway.html","The president’s attack on George T. Conway III, the spouse of one of his closest advisers, came after Mr. Conway questioned his mental fitness.","The president’s attack on George T. Conway III, the spouse of one of his closest advisers, came after Mr. Conway questioned his mental fitness.","19","The New York Times","2019-03-19T17:48:06+0000","article","Washington","U.S.","Politics","News","5c912bb049f0eacbf105de50",1195,0,"nyt://article/f47deab1-2896-5f90-bda7-6b1b55ab7db3","Trump Has Two Words for Kellyanne Conway’s Husband: ‘Total Loser’",NA,NA,"President Calls Husband Of Adviser a ‘Total Loser’",NA,NA,NA,"By ANNIE KARNI",NA
"5","https://www.nytimes.com/video/us/politics/100000006416429/c-spans-first-televised-coverage-of-congress.html","C-Span first broadcast from the U.S. House of Representatives chamber on March 19, 1979, featuring Al Gore when he was a representative from Tennessee.","C-Span first broadcast from the U.S. House of Representatives chamber on March 19, 1979, featuring Al Gore when he was a representative from Tennessee.",NA,"The New York Times","2019-03-19T09:00:06+0000","multimedia","U.S. / Politics","U.S.","Politics","Video","5c90aff049f0eacbf105dcc9",220,0,"nyt://video/314887e1-6847-51af-90ca-802719e09fcc","C-Span’s First Televised Coverage of Congress",NA,NA,NA,NA,NA,NA,"By C-SPAN",NA
"6","https://www.nytimes.com/2019/03/19/theater/polish-theater-powszechny-poland-frljic-mein-kampf.html","The Powszechny Theater in Warsaw faced protests and acid attacks when it staged a play about the Catholic Church. Will its staging of “Mein Kampf” cause more uproar?","The Powszechny Theater in Warsaw faced protests and acid attacks when it staged a play about the Catholic Church. Will its staging of “Mein Kampf” cause more uproar?",NA,"The New York Times","2019-03-19T07:00:04+0000","article","Culture","Theater",NA,"News","5c9093cf49f0eacbf105dc84",1364,0,"nyt://article/ce8f391d-4540-5b8f-8a86-593df704e7e0","The Theater at the Forefront of Poland’s Culture Wars",NA,NA,"The Theater at the Forefront of Poland’s Culture Wars",NA,NA,NA,"By ALEX MARSHALL",NA
"7","https://www.nytimes.com/2019/03/19/opinion/letters/trump-twitter.html","After a weekend of dozens of tweets, some see signs that President Trump is increasingly mentally unbalanced.","After a weekend of dozens of tweets, some see signs that President Trump is increasingly mentally unbalanced.","26","The New York Times","2019-03-19T19:31:51+0000","article","Letters","Opinion","Letters","Letter","5c91440149f0eacbf105dea8",333,0,"nyt://article/c9fd14c1-d33b-56e9-b274-14ac13334147","After the Tweetstorm: Psychoanalyzing Trump","letters","letters","After the Tweetstorm: Psychoanalyzing Trump",NA,NA,NA,NA,NA
"8","https://www.nytimes.com/2019/03/19/business/media/cspan-live-anniversary.html","On March 19, 1979, C-Span went live with its first public broadcast. We talked to one of its chief executives about its push for transparency in Washington.","On March 19, 1979, C-Span went live with its first public broadcast. We talked to one of its chief executives about its push for transparency in Washington.","5","The New York Times","2019-03-19T09:00:18+0000","article","Express","Business","Media","News","5c90affd49f0eacbf105dcd6",1084,0,"nyt://article/bf58969c-c4d0-505b-a3eb-742507f75a6a","As C-Span Turns 40, a Top Executive Reflects on Bringing Cameras to Congress",NA,NA,"Bringing Government Into Your Living Room",NA,NA,NA,"By JULIA JACOBS",NA
"9","https://www.nytimes.com/2019/03/20/world/asia/rise-of-first-daughter-in-kazakhstan-fuels-talk-of-succession.html","Dariga Nazarbayeva boosted her chance of following her father as president, but a messy divorce and the lurid death of her former husband might get in the way.","Dariga Nazarbayeva boosted her chance of following her father as president, but a messy divorce and the lurid death of her former husband might get in the way.","6","The New York Times","2019-03-20T19:33:57+0000","article","Foreign","World","Asia Pacific","News","5c9295ff49f0eacbf105e225",749,0,"nyt://article/e32d21a4-74cc-5132-8094-97b89c75f8d7","Daughter of Departing Kazakhstan President May Succeed Him",NA,NA,"Rise of First Daughter in Kazakhstan Fuels Talk of Succession",NA,NA,NA,"By NEIL MacFARQUHAR",NA
"10","https://www.nytimes.com/video/us/politics/100000006420293/trump-isis-map.html","President Trump said on Wednesday that the Islamic State’s territory in Syria had virtually been wiped off the map since his election in 2016.","President Trump said on Wednesday that the Islamic State’s territory in Syria had virtually been wiped off the map since his election in 2016.",NA,"AP","2019-03-20T19:26:58+0000","multimedia","U.S. / Politics","U.S.","Politics","Video","5c92945c49f0eacbf105e216",105,0,"nyt://video/f5f45658-90a3-59df-81da-4412e2684823","Trump Shows a Map of ‘ISIS Now’",NA,NA,NA,NA,NA,NA,"By THE ASSOCIATED PRESS","THE ASSOCIATED PRESS"
"11","https://www.nytimes.com/2019/03/20/business/dealbook/ceo-political-donations.html","Nearly 58 percent of C.E.O.s gave over two thirds of their political donations to Republicans.","Nearly 58 percent of C.E.O.s gave over two thirds of their political donations to Republicans.",NA,"The New York Times","2019-03-20T10:37:41+0000","article","Business","Business","DealBook","News","5c92184e49f0eacbf105e09f",1975,0,"nyt://article/a83dc74b-7291-580c-855c-ab7c37b2538d","DealBook Briefing: C.E.O.s Vote Republican With Their Wallets",NA,NA,"DealBook Briefing: C.E.O.s Vote Republican With Their Wallets",NA,NA,NA,NA,NA
"12","https://www.nytimes.com/2019/03/20/opinion/beto-presidential-campaign.html","The advent of Beto O’Rourke’s presidential candidacy has Democrats arguing ferociously among themselves.","The advent of Beto O’Rourke’s presidential candidacy has Democrats arguing ferociously among themselves.",NA,"The New York Times","2019-03-20T10:00:04+0000","article","OpEd","Opinion",NA,"Op-Ed","5c920f7e49f0eacbf105e07e",2863,0,"nyt://article/34422ada-10ef-5ec5-967d-59c0fcc08552","Is Betomania Real or Phony?",NA,NA,"Is Betomania Real or Phony?",NA,NA,NA,"By THOMAS B. EDSALL",NA
"13","https://www.nytimes.com/2019/03/19/business/dealbook/executives-political-contributions.html","A Harvard study found that executives donate more heavily to Republicans. But the gap is surprising.","A Harvard study found that executives donate more heavily to Republicans. But the gap is surprising.","1","The New York Times","2019-03-19T07:00:05+0000","article","Business","Business","DealBook","News","5c9093cf49f0eacbf105dc85",1033,0,"nyt://article/e2b69f3e-5b32-5925-b218-7d564cef4719","How Executives Vote With Their Wallets","DealBook","DealBook","For G.O.P., Executives Dig Deep",NA,NA,NA,"By ANDREW ROSS SORKIN",NA
"14","https://www.nytimes.com/2019/03/20/world/europe/denmark-baby-parliament.html","A century of Danish advances for women met a barrier when a legislator was told by another female lawmaker that her baby had no place in Parliament, setting off a debate about gender politics.","A century of Danish advances for women met a barrier when a legislator was told by another female lawmaker that her baby had no place in Parliament, setting off a debate about gender politics.","8","The New York Times","2019-03-20T11:59:09+0000","article","Foreign","World","Europe","News","5c922b6749f0eacbf105e0d3",683,0,"nyt://article/f1228ed0-daa8-5095-874e-f7d24eba2e0a","No Babies in Parliament, Danish Lawmaker Is Told",NA,NA,"A Silent Baby in Parliament Sets Off a Danish Free-for-All",NA,NA,NA,"By MARTIN SELSOE SORENSEN",NA
"15","https://www.nytimes.com/2019/03/18/us/politics/elizabeth-warren-town-hall-electoral-college.html","The 2020 Democratic presidential candidate, campaigning in Mississippi, also called for the state to adopt a new flag that no longer has the Confederate battle flag emblem.","The 2020 Democratic presidential candidate, campaigning in Mississippi, also called for the state to adopt a new flag that no longer has the Confederate battle flag emblem.","14","The New York Times","2019-03-19T02:50:41+0000","article","Politics","U.S.","Politics","News","5c90595b49f0eacbf105dc2b",428,0,"nyt://article/90e73d82-d9fd-5442-906f-3a6b5dcfa3cb","Elizabeth Warren Calls for Ending Electoral College",NA,NA,"Warren Calls for End of Electoral College and Removal of Confederate Statues",NA,NA,NA,"By ASTEAD W. HERNDON",NA
"16","https://www.nytimes.com/2019/03/20/us/politics/trump-isis.html","President Trump updated an earlier assertion that the territory held by the group in Syria was “100 percent” reclaimed, despite reports of continuing fighting.","President Trump updated an earlier assertion that the territory held by the group in Syria was “100 percent” reclaimed, despite reports of continuing fighting.","6","The New York Times","2019-03-20T19:06:57+0000","article","Washington","U.S.","Politics","News","5c928fab49f0eacbf105e208",684,0,"nyt://article/063677ee-170e-5511-a5fa-d20b8f35696c","‘Gone by Tonight’: Trump, Maps in Hand, Predicts the Collapse of ISIS",NA,NA,"Maps Prove  ISIS Is Close  To Collapse,  Trump Says",NA,NA,NA,"By KATIE ROGERS and BEN HUBBARD",NA
"17","https://www.nytimes.com/2019/03/19/us/politics/immigrants-deported-custody-release.html","Immigrants convicted of some crimes may be detained even years after their release, the Supreme Court says; the law does not allow them to seek bail.","Immigrants convicted of some crimes may be detained even years after their release, the Supreme Court says; the law does not allow them to seek bail.","20","The New York Times","2019-03-19T16:20:29+0000","article","Washington","U.S.","Politics","News","5c91172749f0eacbf105de06",895,0,"nyt://article/d2fba060-5cb8-564a-9f9f-12730ca834e2","Immigrants Facing Deportation Must Be Detained After Release From Criminal Custody, Justices Rule",NA,NA,"Court Narrowly Backs Strict Reading of Law on the Detention of Immigrants",NA,NA,NA,"By ADAM LIPTAK",NA
"18","https://www.nytimes.com/2019/03/19/us/politics/trump-emoluments-lawsuit.html","A three-judge panel sharply questioned the legal basis for the suit alleging that the president’s profits from his luxury Washington hotel violate the Constitution’s anti-corruption clauses.","A three-judge panel sharply questioned the legal basis for the suit alleging that the president’s profits from his luxury Washington hotel violate the Constitution’s anti-corruption clauses.","18","The New York Times","2019-03-19T22:48:52+0000","article","Washington","U.S.","Politics","News","5c91722e49f0eacbf105df37",667,0,"nyt://article/1267b372-5223-548c-8759-9546ff6612a4","Appeals Court Judges Appear Skeptical of Emoluments Case Against Trump",NA,NA,"Court Panel Questions  Emoluments Challenge",NA,NA,NA,"By SHARON LaFRANIERE",NA
"19","https://www.nytimes.com/2019/03/19/opinion/netanyahu-israel-yair-lapid.html","Yair Lapid, Israel’s consummate centrist, explains why his party can unseat Israel’s prime minister.","Yair Lapid, Israel’s consummate centrist, explains why his party can unseat Israel’s prime minister.",NA,"The New York Times","2019-03-19T16:54:34+0000","article","OpEd","Opinion",NA,"Op-Ed","5c911f2449f0eacbf105de29",1671,0,"nyt://article/91b9e454-a3ba-5a4e-b3fb-d2f85a458d64","Can This Man Oust Netanyahu?",NA,NA,"Can This Man Oust Netanyahu?",NA,NA,NA,"By BARI WEISS",NA
"20","https://www.nytimes.com/2019/03/20/world/europe/theresa-may-brexit-european-union.html","As Britain’s political crisis deepens, the bloc agreed to an extension, but only if Parliament passes a withdrawal plan it has twice rejected.","As Britain’s political crisis deepens, the bloc agreed to an extension, but only if Parliament passes a withdrawal plan it has twice rejected.","9","The New York Times","2019-03-20T10:17:37+0000","article","Foreign","World","Europe","News","5c92139b49f0eacbf105e091",1400,0,"nyt://article/a027f52e-1c4c-5ef0-9dbb-4ea55f3a276c","E.U. Officials Agree to Brexit Delay, but With Conditions",NA,NA,"Brief Brexit Delay Wins E.U. Approval, Sort Of",NA,NA,NA,"By STEPHEN CASTLE",NA
"21","https://www.nytimes.com/2019/03/20/technology/andrew-yang-internet-democratic-primary.html","Mr. Yang’s presidential campaign has catapulted out of obscurity thanks in part to a devoted online following, including some fans he’d rather not have.","Mr. Yang’s presidential campaign has catapulted out of obscurity thanks in part to a devoted online following, including some fans he’d rather not have.","1","The New York Times","2019-03-20T17:51:46+0000","article","Business","Technology",NA,"News","5c927e0b49f0eacbf105e1e3",1281,0,"nyt://article/58245613-1192-5dd3-80a0-fa41729d8f7f","In Andrew Yang, the Internet Finds a Meme-Worthy Candidate",NA,NA,"Running for President, One Meme at a Time",NA,NA,NA,"By KEVIN ROOSE",NA
"22","https://www.nytimes.com/2019/03/20/world/europe/orban-epp.html","The move endangers the European Parliament’s most powerful political alliance — one that has shielded the Hungarian prime minister, Viktor Orban, as he has dismantled checks on his power.","The move endangers the European Parliament’s most powerful political alliance — one that has shielded the Hungarian prime minister, Viktor Orban, as he has dismantled checks on his power.","8","The New York Times","2019-03-20T20:41:00+0000","article","Foreign","World","Europe","News","5c92a5b649f0eacbf105e259",1282,0,"nyt://article/52b1e2b1-de72-53c7-a000-ab5155fc2865","Top E.U. Coalition Suspends Party Led by Orban, Hungary’s Leader",NA,NA,"Party of Hungary’s Autocratic Leader Is Suspended by Top E.U. Coalition",NA,NA,NA,"By MARC SANTORA and STEVEN ERLANGER",NA
"23","https://www.nytimes.com/2019/03/19/us/politics/john-mccain-trump.html","Asked about his criticism of Mr. McCain, who died in August, President Trump attacked the senator’s vote on repealing the Affordable Care Act.","Asked about his criticism of Mr. McCain, who died in August, President Trump attacked the senator’s vote on repealing the Affordable Care Act.","19","The New York Times","2019-03-19T17:54:29+0000","article","Washington","U.S.","Politics","News","5c912d2f49f0eacbf105de53",277,0,"nyt://article/de9d7522-2b9b-53d8-b517-38a8a3ec759b","Trump Again Attacks a Dead Senator: ‘I Never Will Be’ a Fan of John McCain",NA,NA,"An Old Grudge Against McCain Flares Up Anew",NA,NA,NA,"By EILEEN SULLIVAN",NA
"24","https://www.nytimes.com/video/us/politics/100000006418106/trump-mccain-video.html","President Trump responded to a reporter’s question Tuesday about his recent attacks on the late Senator John McCain, who died of brain cancer last year.","President Trump responded to a reporter’s question Tuesday about his recent attacks on the late Senator John McCain, who died of brain cancer last year.",NA,"The New York Times","2019-03-19T17:52:41+0000","multimedia","U.S. / Politics","U.S.","Politics","Video","5c912cc249f0eacbf105de52",129,0,"nyt://video/ac481c3a-50d5-5a13-8fb5-b81f3c55e5dd","Trump: ‘I Was Never a Fan of John McCain’",NA,NA,NA,NA,NA,NA,"By THE NEW YORK TIMES","The New York Times"
"25","https://www.nytimes.com/2019/03/19/us/politics/bolsonaro-trump.html","Jair Bolsonaro of Brazil is an echo of Trump: a brash nationalist whose populist appeal comes partly from his use of Twitter and his history of making crude statements.","Jair Bolsonaro of Brazil is an echo of Trump: a brash nationalist whose populist appeal comes partly from his use of Twitter and his history of making crude statements.","10","The New York Times","2019-03-19T16:57:13+0000","article","Washington","U.S.","Politics","News","5c911fc349f0eacbf105de2b",1373,0,"nyt://article/62da2655-b5e0-5a92-a227-8d41379e8059","For Trump, Brazil’s President Is Like Looking in the Mirror",NA,NA,"President Welcomes ‘Trump of the Tropics’ to White House",NA,NA,NA,"By MICHAEL D. SHEAR and MAGGIE HABERMAN",NA
"26","https://www.nytimes.com/2019/03/20/opinion/new-zealand-great-replacement.html","The New Zealand attacker wanted you to think white people face existential decline. They don’t.","The New Zealand attacker wanted you to think white people face existential decline. They don’t.",NA,"The New York Times","2019-03-20T19:00:03+0000","article","OpEd","Opinion",NA,"Op-Ed","5c928e0d49f0eacbf105e203",1191,0,"nyt://article/1631cd66-23fc-51fe-852b-1708c6b6258d","The White-Extinction Conspiracy Theory Is Bonkers",NA,NA,"The White-Extinction Conspiracy Theory Is Bonkers",NA,NA,NA,"By FARHAD MANJOO",NA
"27","https://www.nytimes.com/2019/03/20/opinion/letters/presidential-candidates.html","Readers discuss eloquence, bipartisanship, age and gender.","Readers discuss eloquence, bipartisanship, age and gender.","26","The New York Times","2019-03-20T17:28:51+0000","article","Letters","Opinion","Letters","Letter","5c9278ad49f0eacbf105e1d0",544,0,"nyt://article/087d4b9e-4ab3-5e4d-9dd4-2cc64037957f","The Qualities We Seek in a Candidate","letters","letters","The Qualities We Seek in a Candidate",NA,NA,NA,NA,NA
"28","https://www.nytimes.com/2019/03/20/us/howard-schultz-starbucks-seattle-supersonics.html","Mr. Schultz, a possible presidential contender, is best known for his wildly successful coffee company. But his time as an N.B.A. owner left a very different legacy.","Mr. Schultz, a possible presidential contender, is best known for his wildly successful coffee company. But his time as an N.B.A. owner left a very different legacy.","19","The New York Times","2019-03-20T19:44:08+0000","article","Investigative","U.S.",NA,"News","5c92986249f0eacbf105e232",1971,0,"nyt://article/83f454ec-827d-5ddd-8160-b05e6f90b447","For Clues to Howard Schultz’s Leadership, Look Beyond Starbucks",NA,NA,"Starbucks Is Just Part Of an Executive’s Path",NA,NA,NA,"By KIRK JOHNSON",NA
"29","https://www.nytimes.com/2019/03/20/world/europe/donald-trump-jr-brexit.html","In an op-ed for a British newspaper, President Trump’s eldest son said his father’s advice had been ignored and accused “European elites” of derailing the process.","In an op-ed for a British newspaper, President Trump’s eldest son said his father’s advice had been ignored and accused “European elites” of derailing the process.","9","The New York Times","2019-03-20T12:53:48+0000","article","Foreign","World","Europe","News","5c92383649f0eacbf105e0f7",591,0,"nyt://article/646780ee-5456-5fb5-8937-df17cdc69e84","Donald Trump Jr. Scolds Theresa May Over Brexit: ‘Was It All a Ruse?’",NA,NA,"Trump Jr. Sees Stalemate As Brussels Elites’ Work",NA,NA,NA,"By PALKO KARASZ",NA
"30","https://www.nytimes.com/2019/03/19/us/politics/trump-tax-cut-economic-forecast.html","White House forecasters say the economy would need more tax cuts, fewer regulations and an infrastructure plan to produce long-term 3 percent annual growth.","White House forecasters say the economy would need more tax cuts, fewer regulations and an infrastructure plan to produce long-term 3 percent annual growth.","1","The New York Times","2019-03-19T21:37:03+0000","article","Washington","U.S.","Politics","News","5c91615949f0eacbf105defa",910,0,"nyt://article/3179cee7-e0a2-5e83-a257-04257e000ba0","Trump’s Tax Cut Won’t Power the Growth He Predicts, Officials Concede",NA,NA,"Trump Advisers Concede His Tax Cut Falls Short",NA,NA,NA,"By JIM TANKERSLEY",NA
"31","https://www.nytimes.com/2019/03/18/world/australia/eggboy-donate-funds-christchurch-shooting.html","Will Connolly shot to fame after smashing an egg on an Australian politician who had blamed Muslims for the massacre. A GoFundMe campaign has raised of thousands of dollars","Will Connolly shot to fame after smashing an egg on an Australian politician who had blamed Muslims for the massacre. A GoFundMe campaign has raised of thousands of dollars",NA,"The New York Times","2019-03-19T03:25:36+0000","article","Foreign","World","Australia","News","5c90618a49f0eacbf105dc36",443,0,"nyt://article/2624959d-0efc-545e-8fa1-b103b7da0dcb","Money Raised for ‘Egg Boy’ Will Be Donated to New Zealand Victims",NA,NA,"Money Raised for ‘Egg Boy’ Will Be Donated to New Zealand Victims",NA,NA,NA,"By ISABELLA KWAI",NA
"32","https://www.nytimes.com/interactive/2019/03/20/us/politics/mueller-investigation-people-events.html","More than two years of criminal indictments and steady revelations about Trump campaign contacts with Russians reveal the scope of the special counsel investigation.","More than two years of criminal indictments and steady revelations about Trump campaign contacts with Russians reveal the scope of the special counsel investigation.",NA,"The New York Times","2019-03-20T09:00:02+0000","multimedia","U.S.","U.S.","Politics","Interactive Feature","5c92016e49f0eacbf105e040",0,0,"nyt://interactive/7f43322d-c0ba-5c81-8257-71d3835e2d0e","Mueller Report: Who and What the Special Counsel Investigated","",NA,NA,NA,NA,NA,"By LARRY BUCHANAN and KAREN YOURISH",NA
"33","https://www.nytimes.com/2019/03/20/us/politics/boeing-pentagon.html","Patrick M. Shanahan’s relationship with his former employers, and complaints that he disparaged Boeing competitors while at the Pentagon, have come under scrutiny.","Patrick M. Shanahan’s relationship with his former employers, and complaints that he disparaged Boeing competitors while at the Pentagon, have come under scrutiny.","10","The New York Times","2019-03-20T20:47:13+0000","article","Washington","U.S.","Politics","News","5c92a72b49f0eacbf105e25e",780,0,"nyt://article/86bb51e4-22bf-553f-be2e-3cf34fd43d27","Pentagon Opens Internal Inquiry of Acting Defense Chief’s Ties to Boeing",NA,NA,"Acting Chief  Of Pentagon  Faces Inquiry  Over Boeing",NA,NA,NA,"By HELENE COOPER and THOMAS GIBBONS-NEFF",NA
"34","https://www.nytimes.com/2019/03/19/opinion/jacinda-ardern-new-zealand.html","New Zealand’s prime minister is emerging as the progressive antithesis to right-wing strongmen like Trump, Orban and Modi, whose careers thrive on illiberal, anti-Muslim and anti-immigrant rhetoric.","New Zealand’s prime minister is emerging as the progressive antithesis to right-wing strongmen like Trump, Orban and Modi, whose careers thrive on illiberal, anti-Muslim and anti-immigrant rhetoric.",NA,"The New York Times","2019-03-19T17:23:52+0000","article","OpEd","Opinion",NA,"Op-Ed","5c91260249f0eacbf105de40",1135,0,"nyt://article/9f89d58f-5ad6-5093-881c-53f99cde1993","Why Jacinda Ardern Matters",NA,NA,"Why Jacinda Ardern Matters",NA,NA,NA,"By SUSHIL AARON",NA
"35","https://www.nytimes.com/2019/03/20/obituaries/elizabeth-peratrovich-overlooked.html","Peratrovich and her husband rallied Natives to ensure the passage of the 1945 Anti-Discrimination Act, the first anti-discrimination law in the United States.","Peratrovich and her husband rallied Natives to ensure the passage of the 1945 Anti-Discrimination Act, the first anti-discrimination law in the United States.","8","The New York Times","2019-03-20T21:43:42+0000","article","Obits","Obituaries",NA,"Obituary (Obit)","5c92b46849f0eacbf105e26c",1210,0,"nyt://article/5b9cae56-8223-5fbd-9ce6-15515d92e9b7","Overlooked No More: Elizabeth Peratrovich, Rights Advocate for Alaska Natives",NA,NA,"Elizabeth Peratrovich",NA,NA,NA,NA,NA
"36","https://www.nytimes.com/2019/03/20/opinion/democrats-immigration.html","Not so long ago, the party had a clear platform. It no longer does.","Not so long ago, the party had a clear platform. It no longer does.",NA,"The New York Times","2019-03-20T12:15:40+0000","article","OpEd","Opinion",NA,"Op-Ed","5c922f4549f0eacbf105e0dd",848,0,"nyt://article/53f11349-de6f-53c8-a7f0-698dcdb58417","The Democrats Are Confused on Immigration",NA,NA,"The Democrats Are Confused on Immigration",NA,NA,NA,"By DAVID LEONHARDT",NA
"37","https://www.nytimes.com/2019/03/19/world/asia/kazakhstan-nazarbayev-resigns.html","The autocratic leader said he was stepping down as president of the oil-rich former Soviet republic after 30 years to make way for the next generation.","The autocratic leader said he was stepping down as president of the oil-rich former Soviet republic after 30 years to make way for the next generation.","11","The New York Times","2019-03-19T14:25:31+0000","article","Foreign","World","Asia Pacific","News","5c90fc3549f0eacbf105dda0",809,0,"nyt://article/9812b6eb-4024-577b-a428-680bbc00b3b2","Longtime President of Kazakhstan Surprises Region by Resigning",NA,NA,"Longtime Leader of Kazakhstan Resigns, Surprising Region",NA,NA,NA,"By NEIL MacFARQUHAR",NA
"38","https://www.nytimes.com/2019/03/18/opinion/jared-kushner-ivanka-trump-corruption.html","A new book probes the Kushner family’s secrets.","A new book probes the Kushner family’s secrets.","26","The New York Times","2019-03-19T02:20:39+0000","article","OpEd","Opinion",NA,"Op-Ed","5c90525149f0eacbf105dc25",971,0,"nyt://article/cd49f40f-d66e-54ac-b4b2-bccd781d3546","Who Do Jared and Ivanka Think They Are?",NA,NA,"Who Do Jared and Ivanka Think They Are?",NA,NA,NA,"By MICHELLE GOLDBERG",NA
"39","https://www.nytimes.com/2019/03/20/nyregion/lobbyists-albany-legislature.html","Albany has long been a magnet for back-room influence peddling through lobbyist donations, and that tradition is being upheld with gusto.","Albany has long been a magnet for back-room influence peddling through lobbyist donations, and that tradition is being upheld with gusto.","1","The New York Times","2019-03-20T07:00:04+0000","article","Metro","New York",NA,"News","5c91e54e49f0eacbf105dffe",1477,0,"nyt://article/33758caa-de7d-58b3-b6ee-3c0493259e33","9 Fund-Raisers in 1 Night: Democrats Vow Reform in N.Y., but Money Still Flows",NA,NA,"9 Fund-Raisers at Same Time:  Albany Lobby Cash Flows On",NA,NA,NA,"By J. DAVID GOODMAN",NA
"40","https://www.nytimes.com/2019/03/20/world/europe/russia-income-statistics.html","The state statistics agency has halted monthly publication of personal income data, which had been downbeat for years. A flurry of optimistic economic data has followed.","The state statistics agency has halted monthly publication of personal income data, which had been downbeat for years. A flurry of optimistic economic data has followed.",NA,"The New York Times","2019-03-20T20:18:03+0000","article","Foreign","World","Europe","News","5c92a05549f0eacbf105e24c",530,0,"nyt://article/4d5e6dad-719e-501d-b661-28ab30b69579","Russia Changes Economic Reporting. The Results Improve.",NA,NA,"Russia Changes Economic Reporting. The Results Improve.",NA,NA,NA,"By ANDREW E. KRAMER",NA
"41","https://www.nytimes.com/2019/03/19/opinion/college-scandal-massacre-guns.html","And why should they be?","And why should they be?",NA,"The New York Times","2019-03-19T10:00:03+0000","article","OpEd","Opinion",NA,"Op-Ed","5c90bdfe49f0eacbf105dd08",1941,0,"nyt://article/13f827c1-1159-5f6d-ab31-379ffc92bec3","The Kids Aren’t All Right","The Conversation","The Conversation","The Kids Aren’t All Right",NA,NA,NA,"By GAIL COLLINS and BRET STEPHENS",NA
"42","https://www.nytimes.com/2019/03/20/podcasts/the-daily/jair-bolsonaro-brazil.html","Jair Bolsonaro spent most of his career on the political fringe, until his message started to resonate with a country reeling from economic hardship and a widespread corruption scandal.","Jair Bolsonaro spent most of his career on the political fringe, until his message started to resonate with a country reeling from economic hardship and a widespread corruption scandal.",NA,"The New York Times","2019-03-20T10:00:08+0000","article","Podcasts","Podcasts","The Daily","News","5c920f8149f0eacbf105e080",352,0,"nyt://article/15b7114a-d879-58e0-b369-bee6a97e2769","‘Trump of the Tropics’: How Brazil’s President Came to Power","The Daily","The Daily","‘Trump of the Tropics’: How Brazil’s President Came to Power",NA,NA,NA,NA,NA
"43","https://www.nytimes.com/2019/03/19/world/middleeast/iraq-us-tensions-iran.html","The push against the Iraqi groups by top American officials has fueled tensions between the two nations and within the Trump administration.","The push against the Iraqi groups by top American officials has fueled tensions between the two nations and within the Trump administration.","1","The New York Times","2019-03-19T09:00:13+0000","article","Washington","World","Middle East","News","5c90aff749f0eacbf105dccf",1198,0,"nyt://article/4b053f4b-8e3e-5d5f-88fb-16fae11ee87d","U.S. Pressures Iraq Over Embrace of Militias Linked to Iran",NA,NA,"U.S. Strategy To Isolate Iran Roils Pentagon",NA,NA,NA,"By EDWARD WONG and ERIC SCHMITT",NA
"44","https://www.nytimes.com/2019/03/20/opinion/letters/yeshivas-private-schools-new-york-state.html","An advocacy group objects to new New York State guidelines.","An advocacy group objects to new New York State guidelines.","26","The New York Times","2019-03-20T17:03:49+0000","article","Letters","Opinion","Letters","Letter","5c9272cf49f0eacbf105e1a0",211,0,"nyt://article/2f4cdeb1-c355-5e9b-bf83-6ed6a51b5175","Regulating Private Schools","letter","letter","Regulating Private Schools",NA,NA,NA,NA,NA
"45","https://www.nytimes.com/2019/03/20/world/middleeast/netanyahu-arabs-election.html","The Israeli prime minister’s anti-Arab provocations have helped him win elections in the past. This time they might backfire.","The Israeli prime minister’s anti-Arab provocations have helped him win elections in the past. This time they might backfire.","13","The New York Times","2019-03-20T09:00:11+0000","article","Foreign","World","Middle East","News","5c92017c49f0eacbf105e04d",1338,0,"nyt://article/7c5f64c1-02c6-59ff-b24e-9e58e5e32631","Hectored by Netanyahu, Israeli Arabs Could Have the Final Say",NA,NA,"Hectored by Netanyahu, Israeli Arabs Could Have Final Say",NA,NA,NA,"By DAVID M. HALBFINGER",NA
"46","https://www.nytimes.com/2019/03/20/nyregion/nyc-casino-gambling.html","With upstate casinos struggling and the state facing budget woes, a plan to allow full-fledged casinos in New York City is being weighed as a solution.","With upstate casinos struggling and the state facing budget woes, a plan to allow full-fledged casinos in New York City is being weighed as a solution.","21","The New York Times","2019-03-20T19:04:40+0000","article","Metro","New York",NA,"News","5c928f2249f0eacbf105e206",1323,0,"nyt://article/e743ec2c-4fab-5fd6-ba1b-1e0ad6e5e774","Could New York City Get Real Casinos? State Leaders Are Listening",NA,NA,"Amid State Budget Woes,  Casinos Dangle Millions  To Win a City Presence",NA,NA,NA,"By JESSE McKINLEY",NA
"47","https://www.nytimes.com/2019/03/19/magazine/ricky-gervais-interview-twitter.html","From this week’s Talk interview.","From this week’s Talk interview.",NA,"The New York Times","2019-03-19T17:39:34+0000","article","Magazine","Magazine",NA,"News","5c9129b049f0eacbf105de4a",621,0,"nyt://article/8fef65bd-cdaa-5ea5-a434-c112942c6caf","Ricky Gervais Interview: Six Things We Learned",NA,NA,"Ricky Gervais Interview: Six Things We Learned",NA,NA,NA,"By THE NEW YORK TIMES MAGAZINE","The New York Times"
"48","https://www.nytimes.com/2019/03/20/us/politics/clarence-thomas-speaks-supreme-court.html","Justice Thomas asked questions in the case of Curtis Flowers, who has been tried six times for murder. The court will decide whether jury selection was marred by racial discrimination.","Justice Thomas asked questions in the case of Curtis Flowers, who has been tried six times for murder. The court will decide whether jury selection was marred by racial discrimination.","18","The New York Times","2019-03-20T15:52:56+0000","article","Washington","U.S.","Politics","News","5c92623349f0eacbf105e181",1129,0,"nyt://article/c759f44b-553b-5bf3-bde9-348d9abd81f0","Clarence Thomas Breaks a Three-Year Silence at Supreme Court",NA,NA,"Three Years and 55 Minutes Later, Justice Thomas Ends Another Silent Streak",NA,NA,NA,"By ADAM LIPTAK",NA
"49","https://www.nytimes.com/video/us/politics/100000006417656/trump-bolsonaro.html","President Trump held a joint news conference with President Jair Bolsonaro of Brazil, a controversial nationalist, at the White House on Tuesday.","President Trump held a joint news conference with President Jair Bolsonaro of Brazil, a controversial nationalist, at the White House on Tuesday.",NA,"AP","2019-03-19T21:13:46+0000","multimedia","U.S. / Politics","U.S.","Politics","Video","5c915be449f0eacbf105deef",153,0,"nyt://video/4bb3513a-6cfb-5dc5-a6ed-fc608b824b5c","‘Many Views That Are Similar’: Trump Welcomes Bolsonaro",NA,NA,NA,NA,NA,NA,"By THE ASSOCIATED PRESS","THE ASSOCIATED PRESS"
"50","https://www.nytimes.com/2019/03/19/us/politics/interns-council-economic-advisers.html","Hidden in a 705-page economic report are superheroes masquerading as interns for the Council of Economic Advisers.","Hidden in a 705-page economic report are superheroes masquerading as interns for the Council of Economic Advisers.","7","The New York Times","2019-03-19T22:21:58+0000","article","Washington","U.S.","Politics","News","5c916be049f0eacbf105df29",405,0,"nyt://article/5ac12e08-dbb7-514c-b60d-d0c98df5b1a1","Where Spider-Man and Captain America Intern: The White House Economic Team",NA,NA,"Where ‘Super Heroes’ Intern: White House Economic Team",NA,NA,NA,"By JIM TANKERSLEY",NA
"51","https://www.nytimes.com/2019/03/20/world/asia/taiwan-south-pacific-tsai-ing-wen-china.html","China has been pouring aid into the South Pacific nations, raising concerns about whether Taiwan might lose more of its few remaining allies.","China has been pouring aid into the South Pacific nations, raising concerns about whether Taiwan might lose more of its few remaining allies.","11","The New York Times","2019-03-20T09:40:46+0000","article","Foreign","World","Asia Pacific","News","5c920af849f0eacbf105e06d",1056,0,"nyt://article/7789cf5e-a4c8-5d4d-bf84-c0f806249052","Taiwan’s Leader Heads to the South Pacific in a Bid to Fend Off China",NA,NA,"Taiwan’s President Heads to South Pacific in Effort to Counteract China",NA,NA,NA,"By CHRIS HORTON",NA
"52","https://www.nytimes.com/paidpost/china-daily/chinas-foreign-trade-to-remain-robust-in-2019-say-advisers-and-legislators.html","Seasonal factors to blame for slower growth rate in first 2 months.","Seasonal factors to blame for slower growth rate in first 2 months.",NA,NA,"2019-03-19T09:53:01+0000","paidpost",NA,"T Brand",NA,NA,"5c90bc5849f0eacbf105dd00",702,0,"nyt://paidpost/d416e1c8-d4dc-58f9-8349-313784438657","China’s Foreign Trade to Remain Robust in 2019, Say Advisers and Legislators
",NA,NA,NA,NA,NA,NA,NA,NA
"53","https://www.nytimes.com/2019/03/18/opinion/saudi-arabia-crown-prince-jamal-khashoggi.html","Like a despot, the crown prince has a team of killers and kidnappers.","Like a despot, the crown prince has a team of killers and kidnappers.","26","The New York Times","2019-03-19T01:16:38+0000","article","Editorial","Opinion",NA,"Editorial","5c90435049f0eacbf105dc0d",733,0,"nyt://article/ad9b5c81-c600-546d-8e75-71e86bde12b8","Shedding Any Last Illusions About the Saudis",NA,NA,"No More Illusions About the Saudis",NA,NA,NA,"By THE EDITORIAL BOARD","THE EDITORIAL BOARD"
"54","https://www.nytimes.com/2019/03/20/learning/should-we-abolish-the-death-penalty.html","California’s Governor put a moratorium on capital punishment. Should every state abolish it?","California’s Governor put a moratorium on capital punishment. Should every state abolish it?",NA,"The New York Times","2019-03-20T09:00:06+0000","article","Learning","The Learning Network",NA,"News","5c92017049f0eacbf105e042",1171,0,"nyt://article/006e77d4-8436-58d9-8004-77a44a6d5205","Should We Abolish the Death Penalty?","Student Opinion","Student Opinion","Should We Abolish the Death Penalty?",NA,NA,NA,"By JEREMY ENGLE",NA
"55","https://www.nytimes.com/2019/03/20/opinion/letters/new-zealand-mosque-massacre.html","A New Zealand citizen writes about white supremacist rallies and xenophobic rhetoric there; an American praises how New Zealanders responded to the tragedy.","A New Zealand citizen writes about white supremacist rallies and xenophobic rhetoric there; an American praises how New Zealanders responded to the tragedy.","26","The New York Times","2019-03-20T17:22:49+0000","article","Letters","Opinion","Letters","Letter","5c92774349f0eacbf105e1c6",291,0,"nyt://article/29db3bbc-98d6-5d6b-a4aa-3361e63dd9ea","Roots of the Christchurch Massacre, and the Response","letters","letters","Christchurch Massacre: Its Roots, and the Response",NA,NA,NA,NA,NA
"56","https://www.nytimes.com/2019/03/20/technology/military-contract-deap-ubhi.html","Deap Ubhi has spent his tech career bouncing around. Now he’s tangled up in a little battle over one of the biggest government I.T. contracts in history.","Deap Ubhi has spent his tech career bouncing around. Now he’s tangled up in a little battle over one of the biggest government I.T. contracts in history.","1","The New York Times","2019-03-20T20:27:14+0000","article","Business","Technology",NA,"News","5c92a27c49f0eacbf105e251",1487,0,"nyt://article/1fc67946-fe5b-54bc-9b4c-c227076925d7","Giant Military Contract Has a Hitch: A Little-Known Entrepreneur",NA,NA,"Hitch in Military Deal: One Man",NA,NA,NA,"By KAREN WEISE and THOMAS KAPLAN",NA
"57","https://www.nytimes.com/2019/03/19/world/europe/brexit-speaker-john-bercow.html","After Mr. Bercow ruled out a third Brexit vote, he instantly became one of the most hated — and admired — men in the country.","After Mr. Bercow ruled out a third Brexit vote, he instantly became one of the most hated — and admired — men in the country.","6","The New York Times","2019-03-19T19:40:39+0000","article","Foreign","World","Europe","News","5c91461149f0eacbf105dead",917,0,"nyt://article/f3c16291-20c0-512c-ab97-f092c5bdd9b0","Scapegoat or Hero? John Bercow, Commons Speaker, Upends Brexit",NA,NA,"Parliament’s ‘Brexit Destroyer’ Draws Awe and Ire",NA,NA,NA,"By ELLEN BARRY",NA
"58","https://www.nytimes.com/2019/03/19/world/middleeast/ayelet-shaked-perfume-ad.html","Justice Minister Ayelet Shaked adopted the arch irony of internet trolls in a provocative ad before Israel’s elections. Critics called it too serious a subject to joke about.","Justice Minister Ayelet Shaked adopted the arch irony of internet trolls in a provocative ad before Israel’s elections. Critics called it too serious a subject to joke about.","11","The New York Times","2019-03-19T13:23:15+0000","article","Foreign","World","Middle East","News","5c90ed9d49f0eacbf105dd83",421,0,"nyt://article/80c25ed1-0e57-5a5f-a80c-873d50b888c7","Why Is Israel’s Justice Minister in an Ad for ‘Fascism’ Perfume?",NA,NA,"Israeli Official On the Right Gets a Whiff Of ‘Fascism’",NA,NA,NA,"By DAVID M. HALBFINGER",NA
"59","https://www.nytimes.com/2019/03/19/books/review/new-releases.html","A selection of books published this week; plus, a peek at what our colleagues around the newsroom are reading.","A selection of books published this week; plus, a peek at what our colleagues around the newsroom are reading.","4","The New York Times","2019-03-19T09:00:13+0000","article","BookReview","Books","Book Review","News","5c90aff749f0eacbf105dcce",416,0,"nyt://article/8250d107-ef4d-5ab6-a061-2b2fc734300a","New & Noteworthy","","","",NA,NA,NA,NA,NA
"60","https://www.nytimes.com/2019/03/19/opinion/letters/socialism-free-enterprise.html","Mark Green, a former New York City public advocate, describes Senator Elizabeth Warren’s “regulated markets” alternative.","Mark Green, a former New York City public advocate, describes Senator Elizabeth Warren’s “regulated markets” alternative.","26","The New York Times","2019-03-19T18:24:34+0000","article","Letters","Opinion","Letters","Letter","5c91343e49f0eacbf105de77",180,0,"nyt://article/f3c44e82-9497-51bd-bfc8-2ad059683bc4","The 2020 Race: ‘Between Democracy and Piracy’","letter","letter","The 2020 Race: ‘Between Democracy and Piracy’",NA,NA,NA,NA,NA
"61","https://www.nytimes.com/2019/03/20/opinion/athens-democracy.html","At the site of the Agora, the ancient city’s public square, I visit the ruins of the house of Simon the Cobbler. He also pretended to be a philosopher.","At the site of the Agora, the ancient city’s public square, I visit the ruins of the house of Simon the Cobbler. He also pretended to be a philosopher.",NA,"The New York Times","2019-03-20T10:01:22+0000","article","OpEd","Opinion",NA,"Op-Ed","5c920fcc49f0eacbf105e084",1991,0,"nyt://article/9a5823ac-5a08-5cec-b976-e374baccc5e6","Athens in Pieces: We Know Socrates’ Fate. What’s Ours?","The Stone","The Stone","Athens in Pieces: We Know Socrates’ Fate. What’s Ours?",NA,NA,NA,"By SIMON CRITCHLEY",NA
"62","https://www.nytimes.com/2019/03/19/opinion/israel-settlements.html","I’d never understood the Israeli settlers. So I moved in with them.","I’d never understood the Israeli settlers. So I moved in with them.",NA,"The New York Times","2019-03-19T19:13:47+0000","article","OpEd","Opinion",NA,"Op-Ed","5c913fc549f0eacbf105de97",485,0,"nyt://article/05e9979f-a1df-5d99-84e9-013e4dbccd1d","Natural Born Settlers","Op-Docs","Op-Docs","Natural Born Settlers",NA,NA,NA,"By IRIS ZAKI",NA
"63","https://www.nytimes.com/2019/03/20/us/columbus-police-vice-unit.html","The police unit, in Columbus, Ohio, has become the subject of a federal corruption investigation. Last week, one of the unit’s detectives was indicted on federal charges.","The police unit, in Columbus, Ohio, has become the subject of a federal corruption investigation. Last week, one of the unit’s detectives was indicted on federal charges.",NA,"The New York Times","2019-03-20T21:53:03+0000","article","Express","U.S.",NA,"News","5c92b69949f0eacbf105e273",1224,0,"nyt://article/243c0baa-c40a-5327-b03d-f16d668d02a1","Troubled Vice Unit in Ohio That Arrested Stormy Daniels Is Shut Down",NA,NA,"Troubled Vice Unit in Ohio That Arrested Stormy Daniels Is Shut Down",NA,NA,NA,"By MATT STEVENS",NA
"64","https://www.nytimes.com/2019/03/19/world/europe/germany-nato-spending-target.html","Germany had already pulled back from its NATO spending target. Now it expects to fall below even that slimmed-down figure. The timing could not be worse.","Germany had already pulled back from its NATO spending target. Now it expects to fall below even that slimmed-down figure. The timing could not be worse.","6","The New York Times","2019-03-19T21:34:16+0000","article","Foreign","World","Europe","News","5c9160b249f0eacbf105def9",1111,0,"nyt://article/9dd67bb3-d14b-5776-bf80-7ae939562bc9","German Defense Spending Is Falling Even Shorter. The U.S. Isn’t Happy.",NA,NA,"German Military Spending May Fall Short Again, Frustrating Allies",NA,NA,NA,"By KATRIN BENNHOLD",NA
"65","https://www.nytimes.com/2019/03/19/opinion/mexico-porpoise-extinction.html","Less than two dozen of the tiny porpoises remain in the wild. But there’s plenty the government can do to avert its extinction.","Less than two dozen of the tiny porpoises remain in the wild. But there’s plenty the government can do to avert its extinction.",NA,"The New York Times","2019-03-19T10:00:04+0000","article","OpEd","Opinion",NA,"Op-Ed","5c90bdff49f0eacbf105dd09",1309,0,"nyt://article/6fe470f9-06b2-550b-be8a-ba12d3b22b12","Will Mexico Save Its Vanishing Vaquita?",NA,NA,"Will Mexico Save Its Vanishing Vaquita?",NA,NA,NA,"By RICHARD PARKER",NA
"66","https://www.nytimes.com/2019/03/19/opinion/it-takes-a-friend-to-get-a-friend-to-vote.html","Political organizers have at their hands a timeless way to get young people to cast ballots: Link them with friends who will do the same. Now there are apps to help.","Political organizers have at their hands a timeless way to get young people to cast ballots: Link them with friends who will do the same. Now there are apps to help.",NA,"The New York Times","2019-03-19T17:06:23+0000","article","OpEd","Opinion",NA,"Op-Ed","5c9121ea49f0eacbf105de33",1936,0,"nyt://article/fc884054-7ea0-5528-9db9-0164e30264ea","It Takes a Friend to Get a Friend to Vote","Fixes","Fixes","It Takes a Friend to Get a Friend to Vote",NA,NA,NA,"By TINA ROSENBERG",NA
"67","https://www.nytimes.com/2019/03/20/us/border-migrants.html","Hundreds of migrants are arriving every day in Texas’s Rio Grande Valley, where officials are scrambling to house and feed them.","Hundreds of migrants are arriving every day in Texas’s Rio Grande Valley, where officials are scrambling to house and feed them.","14","The New York Times","2019-03-20T23:53:37+0000","article","National","U.S.",NA,"News","5c92d2db49f0eacbf105e2bb",1503,0,"nyt://article/cb366c78-5f04-56ca-8594-fe39ac12b950","Border Patrol Facilities in Texas Are Overflowing, Prompting Mass Releases in Border Cities",NA,NA,"Migrant Centers Overflow, Deluging Shelters",NA,NA,NA,"By MANNY FERNANDEZ and MITCHELL FERMAN",NA
"68","https://www.nytimes.com/video/world/europe/100000006419740/may-brexit-delay.html","Prime Minister Theresa May told Parliament on Wednesday that she had asked the European Union to delay Britain’s exit until June 30. Parliament has rejected Ms. May’s Brexit plans twice.","Prime Minister Theresa May told Parliament on Wednesday that she had asked the European Union to delay Britain’s exit until June 30. Parliament has rejected Ms. May’s Brexit plans twice.",NA,"AP","2019-03-20T13:46:53+0000","multimedia","World / Europe","World","Europe","Video","5c9244a749f0eacbf105e110",115,0,"nyt://video/1552afd2-6c17-5a45-8bb9-324aa6415bc5","May Requests Brexit Delay",NA,NA,NA,NA,NA,NA,"By THE ASSOCIATED PRESS","THE ASSOCIATED PRESS"
"69","https://www.nytimes.com/2019/03/19/technology/new-social-network-email-newsletter.html","When an inveterate tweeter and social media hound decided to change his ways, what did he turn to? An email newsletter.","When an inveterate tweeter and social media hound decided to change his ways, what did he turn to? An email newsletter.","1","The New York Times","2019-03-19T23:03:13+0000","article","Business","Technology",NA,"News","5c91758d49f0eacbf105df3a",1237,0,"nyt://article/f444f001-f676-5212-92fa-64c3eee45128","The New Social Network That Isn’t New at All",NA,NA,"A New Social Network  That Isn’t Really New",NA,NA,NA,"By MIKE ISAAC",NA
"70","https://www.nytimes.com/2019/03/20/arts/television/seth-meyers-trump-salary-homeland-security.html","Meyers and other late-night hosts went after the president for boasting that he had donated part of his salary to the Department of Homeland Security.","Meyers and other late-night hosts went after the president for boasting that he had donated part of his salary to the Department of Homeland Security.",NA,"The New York Times","2019-03-20T09:20:53+0000","article","Culture","Arts","Television","News","5c92064f49f0eacbf105e061",536,0,"nyt://article/09024eec-b91a-5ced-927c-2ab506175146","Seth Meyers Says Trump Should Pay His Taxes, Not Donate His Salary","Best of Late Night","Best of Late Night","Seth Meyers Says Trump Should Pay His Taxes, Not Donate His Salary",NA,NA,NA,"By GIOVANNI RUSSONELLO",NA
"71","https://www.nytimes.com/2019/03/19/world/asia/cambodia-opposition-warrants-hun-sen.html","Warrants accused them of incitement to commit a felony and plotting treason, charges they say are baseless and proof of Hun Sen’s strangling of dissent.","Warrants accused them of incitement to commit a felony and plotting treason, charges they say are baseless and proof of Hun Sen’s strangling of dissent.","11","The New York Times","2019-03-19T12:57:31+0000","article","Foreign","World","Asia Pacific","News","5c90e79549f0eacbf105dd69",615,0,"nyt://article/5dd73d5b-3964-5c28-a46b-8f8990c00bc8","Exiled Cambodian Opposition Leaders Are Indicted as Prime Minister Tightens Grip",NA,NA,"In Cambodia, Exiled Chiefs Of Opposition Are Indicted",NA,NA,NA,"By SETH MYDANS",NA
"72","https://www.nytimes.com/2019/03/20/us/florida-felon-voting-rights.html","Supporters say the measure is meant to resolve confusion. Opponents contend it would undermine an amendment approved by voters in November.","Supporters say the measure is meant to resolve confusion. Opponents contend it would undermine an amendment approved by voters in November.","17","The New York Times","2019-03-20T22:39:28+0000","article","Express","U.S.",NA,"News","5c92c17a49f0eacbf105e2a7",766,0,"nyt://article/8fd03c6f-a7a2-53c3-a2c7-8a32a8179a84","Florida Republicans Push to Make Ex-Felons Pay Fees Before They Can Vote",NA,NA,"Florida Bill Curtails Felons’ Right to Vote",NA,NA,NA,"By KAREN ZRAICK",NA
"73","https://www.nytimes.com/2019/03/19/world/europe/uk-water-shortage.html","Climate change and population growth, meaning less supply and more demand, could equal an “existential threat,” England’s environment chief warned.","Climate change and population growth, meaning less supply and more demand, could equal an “existential threat,” England’s environment chief warned.","6","The New York Times","2019-03-19T16:03:08+0000","article","Foreign","World","Europe","News","5c91131649f0eacbf105dded",682,0,"nyt://article/505eb2ce-e91a-5e34-9f3c-85b4734d9ca4","Britain (Yes, Rainy Britain) Could Run Short of Water by 2050, Official Says",NA,NA,"For Britain, Water, Water Everywhere, Nor …",NA,NA,NA,"By ILIANA MAGRA",NA
"74","https://www.nytimes.com/2019/03/19/business/japan-olympics-bribery-corruption.html","Tsunekazu Takeda faces scrutiny in France over payments that prosecutors say were bribes to help Tokyo win hosting rights for the 2020 Summer Games.","Tsunekazu Takeda faces scrutiny in France over payments that prosecutors say were bribes to help Tokyo win hosting rights for the 2020 Summer Games.",NA,"The New York Times","2019-03-19T05:43:25+0000","article","Business","Business",NA,"News","5c9081d749f0eacbf105dc66",654,0,"nyt://article/8f7a285b-d9e2-53b4-80af-67f77a2f9a88","Japan’s Olympic Chief to Step Down Amid Corruption Investigation",NA,NA,"",NA,NA,NA,"By BEN DOOLEY",NA
"75","https://www.nytimes.com/2019/03/20/opinion/new-zealand-gun-control.html","Other nations’ leaders learn from experience. But Congress and President Trump refuse to act on guns.","Other nations’ leaders learn from experience. But Congress and President Trump refuse to act on guns.","27","The New York Times","2019-03-20T23:35:29+0000","article","OpEd","Opinion",NA,"Op-Ed","5c92ce9c49f0eacbf105e2ba",834,0,"nyt://article/26b12508-b9aa-5cf5-8247-e0d60aa58c17","New Zealand Shows the U.S. What Leadership Looks Like",NA,NA,"Will Politicians Ever Protect Us From Guns?",NA,NA,NA,"By NICHOLAS KRISTOF",NA
"76","https://www.nytimes.com/2019/03/19/opinion/jordan-middle-east.html","Changes beyond the control of the region’s leaders are spurring a new Middle East.","Changes beyond the control of the region’s leaders are spurring a new Middle East.","27","The New York Times","2019-03-19T22:30:09+0000","article","OpEd","Opinion",NA,"Op-Ed","5c916dcb49f0eacbf105df2e",1470,0,"nyt://article/f1f4f146-6471-5c9f-bf03-3de3f2f8caf4","Beware the Mideast’s Falling Pillars",NA,NA,"Beware  The Mideast’s Falling Pillars",NA,NA,NA,"By THOMAS L. FRIEDMAN",NA
"77","https://www.nytimes.com/2019/03/20/opinion/trump-deutsche-bank.html","What this country needs is a president who knows how to default.","What this country needs is a president who knows how to default.","27","The New York Times","2019-03-20T23:28:43+0000","article","OpEd","Opinion",NA,"Op-Ed","5c92cd0549f0eacbf105e2b9",940,0,"nyt://article/351914d8-b90f-5f9d-9af1-4d82e7280c70","Well, Socialism Couldn’t Give Us Trump",NA,NA,"Well, Socialism Couldn’t Give Us Trump",NA,NA,NA,"By GAIL COLLINS",NA
"78","https://www.nytimes.com/2019/03/20/arts/music/christian-scott-atunde-adjuah-ancestral-recall-review.html","The trumpeter’s bold new album, “Ancestral Recall,” offers the kind of slow-burning immersion that most of his recent records have only gestured at.","The trumpeter’s bold new album, “Ancestral Recall,” offers the kind of slow-burning immersion that most of his recent records have only gestured at.","5","The New York Times","2019-03-20T17:14:12+0000","article","Culture","Arts","Music","Review","5c92753e49f0eacbf105e1b8",712,0,"nyt://article/19e8a64a-eb8a-566f-ba79-d37ab68724b8","Christian Scott aTunde Adjuah Continues to Break New Ground","Album Review","Album Review","Combining Legacies and Pushing Boundaries",NA,NA,NA,"By GIOVANNI RUSSONELLO",NA
"79","https://www.nytimes.com/2019/03/20/world/asia/vietnam-turtle-embalmed.html","A turtle called Cu Rua, which many Vietnamese saw as a symbol of the country, has joined the elite club of icons embalmed and put on display by Communist regimes.","A turtle called Cu Rua, which many Vietnamese saw as a symbol of the country, has joined the elite club of icons embalmed and put on display by Communist regimes.","11","The New York Times","2019-03-20T10:09:04+0000","article","Foreign","World","Asia Pacific","News","5c92119a49f0eacbf105e089",748,0,"nyt://article/7b146297-3d7f-550a-ac33-27f14604c4be","Vietnam Embalms a Sacred Turtle, Lenin-Style",NA,NA,"360-Pound Turtle Gets  Eternal Life, in Plastic",NA,NA,NA,"By MIKE IVES",NA
"80","https://www.nytimes.com/2019/03/20/opinion/green-new-deal-carbon-taxes.html","There is a better way to reduce harmful emissions.","There is a better way to reduce harmful emissions.","27","The New York Times","2019-03-20T10:00:05+0000","article","OpEd","Opinion",NA,"Op-Ed","5c920f7f49f0eacbf105e07f",832,0,"nyt://article/37508850-1795-551c-8ad7-fd50bc8c403f","Yes, We Need a Green New Deal. Just Not the One Alexandria Ocasio-Cortez Is Offering.",NA,NA,"A Pragmatic Fix for the Climate Crisis",NA,NA,NA,"By STEVEN RATTNER",NA
"81","https://www.nytimes.com/2019/03/20/obituaries/bernard-krisher-dead.html","A former Newsweek reporter, he founded the country’s first English-language newspaper and, as a philanthropist, established a hospital and hundreds of schools.","A former Newsweek reporter, he founded the country’s first English-language newspaper and, as a philanthropist, established a hospital and hundreds of schools.","24","The New York Times","2019-03-20T06:23:12+0000","article","Obits","Obituaries",NA,"Obituary (Obit)","5c91dcaa49f0eacbf105dfeb",879,0,"nyt://article/893aea24-fb8b-5c70-8516-38286c8aa1f8","Bernard Krisher, Free Press Champion in Cambodia, Dies at 87",NA,NA,"Bernard Krisher, 87, Fixture Of Journalism in Cambodia",NA,NA,NA,"By SETH MYDANS",NA
"82","https://www.nytimes.com/2019/03/19/us/what-is-patriarchy.html","In their new book, “Why Does Patriarchy Persist,” Carol Gilligan and Naomi Snider explore the psychology that keeps men in positions of power.","In their new book, “Why Does Patriarchy Persist,” Carol Gilligan and Naomi Snider explore the psychology that keeps men in positions of power.",NA,"The New York Times","2019-03-19T21:21:13+0000","article","Gender","U.S.",NA,"News","5c915da349f0eacbf105def2",960,0,"nyt://article/90a9e94d-60d7-5fbe-b821-448226659bb0","How the Patriarchy Got in Our Heads",NA,NA,"How the Patriarchy Got in Our Heads",NA,NA,NA,"By MAYA SALAM",NA
"83","https://www.nytimes.com/2019/03/19/theater/review-after-michael-mckeever.html","A threatening text message with a homophobic epithet leads to catastrophe for two families in a new play by Michael McKeever.","A threatening text message with a homophobic epithet leads to catastrophe for two families in a new play by Michael McKeever.","5","The New York Times","2019-03-19T18:35:47+0000","article","Culture","Theater",NA,"Review","5c9136dd49f0eacbf105de83",944,0,"nyt://article/f8908901-f0d7-5738-8a71-06af7f502767","Review: Bullies and Victims Face Off in ‘After.’ But Who’s Who?",NA,NA,"Families Feud Over Bullying",NA,NA,NA,"By JESSE GREEN",NA
"84","https://www.nytimes.com/2019/03/19/travel/how-to-fly-a-budget-airline.html","Budget airlines often trade space and even basic amenities for crowded planes and cheaper tickets. With these four tips however, you can save some cash and even enjoy the trip.","Budget airlines often trade space and even basic amenities for crowded planes and cheaper tickets. With these four tips however, you can save some cash and even enjoy the trip.","2","The New York Times","2019-03-19T09:00:07+0000","article","Travel","Travel",NA,"News","5c90aff249f0eacbf105dccc",897,0,"nyt://article/67d37408-0646-51a7-bf0a-74d2fe98f2e6","4 Tips to Fly a Budget Airline Without Hassle","Travel Tips","Travel Tips","Budget Flying Made Easier",NA,NA,NA,"By KHUSHBU SHAH",NA
"85","https://www.nytimes.com/2019/03/19/opinion/facebook-antitrust-investigation.html","Why I am calling on the Federal Trade Commission to investigate Facebook for violating antitrust laws.","Why I am calling on the Federal Trade Commission to investigate Facebook for violating antitrust laws.",NA,"The New York Times","2019-03-19T10:00:04+0000","article","OpEd","Opinion",NA,"Op-Ed","5c90bdfd49f0eacbf105dd06",958,0,"nyt://article/5a70e6f2-7894-5afe-ab96-04d674de5abb","The Case for Investigating Facebook",NA,NA,"The Case for Investigating Facebook",NA,NA,NA,"By DAVID N. CICILLINE",NA
"86","https://www.nytimes.com/2019/03/18/opinion/facebook-youtube-mass-shootings.html","A killer determined to make terrorism go viral beat a system designed to keep the worst of the web out of sight.","A killer determined to make terrorism go viral beat a system designed to keep the worst of the web out of sight.","26","The New York Times","2019-03-19T00:16:28+0000","article","Editorial","Opinion",NA,"Editorial","5c90353749f0eacbf105dbf9",939,0,"nyt://article/1d1ec29c-d7ce-56a3-938d-7afa5debc351","The Attack That Broke the Net’s Safety Net",NA,NA,"How an Attack Broke the Net’s Safety Net",NA,NA,NA,"By THE EDITORIAL BOARD","THE EDITORIAL BOARD"
"87","https://www.nytimes.com/2019/03/20/world/middleeast/netanyahu-pompeo-golan.html","Prime Minister Benjamin Netanyahu raised the issue during a visit by Secretary of State Mike Pompeo, whose agency no longer says the territory is “occupied.”","Prime Minister Benjamin Netanyahu raised the issue during a visit by Secretary of State Mike Pompeo, whose agency no longer says the territory is “occupied.”","13","The New York Times","2019-03-20T21:56:57+0000","article","Foreign","World","Middle East","News","5c92b78349f0eacbf105e274",1001,0,"nyt://article/db7c6a94-52ff-5381-98b0-ef61ef960f47","Netanyahu Presses Pompeo on Israeli Sovereignty of Golan Heights",NA,NA,"Netanyahu Presses U.S. to Recognize Israeli Sovereignty in the Golan Heights",NA,NA,NA,"By EDWARD WONG",NA
"88","https://www.nytimes.com/2019/03/20/opinion/climate-building-codes.html","Local officials across the country will have a chance to vote on new energy efficiency standards for buildings. But few tend to vote, which could put the outcome in jeopardy.","Local officials across the country will have a chance to vote on new energy efficiency standards for buildings. But few tend to vote, which could put the outcome in jeopardy.",NA,"The New York Times","2019-03-20T19:00:04+0000","article","OpEd","Opinion",NA,"Op-Ed","5c928e0e49f0eacbf105e204",982,0,"nyt://article/96fa7f44-06a3-5a44-bd42-d9c8380d56ec","An Important Vote for the Climate",NA,NA,"An Important Vote for the Climate",NA,NA,NA,"By JUSTIN GILLIS",NA
"89","https://www.nytimes.com/2019/03/19/climate/colorado-river-water.html","Seven states, including California and Arizona, agreed to voluntarily cut their water use. But as the climate warms, any victory may be short-lived.","Seven states, including California and Arizona, agreed to voluntarily cut their water use. But as the climate warms, any victory may be short-lived.","18","The New York Times","2019-03-19T23:28:31+0000","article","Climate","Climate",NA,"News","5c917b7949f0eacbf105df48",1011,0,"nyt://article/7b65065f-9096-52a4-af28-18f9483a5087","Amid 19-Year Drought, States Sign Deal to Conserve Colorado River Water",NA,NA,"Seven States Sign Deal in Effort to Avert Water Crisis Along Colorado River",NA,NA,NA,"By JOHN SCHWARTZ",NA
"90","https://www.nytimes.com/2019/03/20/well/family/states-seek-financial-relief-for-family-caregivers.html","Lawmakers in California and at least seven other states want to provide state income tax credits for families that need help with home caregiving.","Lawmakers in California and at least seven other states want to provide state income tax credits for families that need help with home caregiving.",NA,"The New York Times","2019-03-20T09:00:01+0000","article","Well","Well","Family","News","5c92016c49f0eacbf105e03b",1086,0,"nyt://article/19ab1bb5-9904-563e-8df2-4abd253aad09","States Seek Financial Relief for Family Caregivers",NA,NA,"States Seek Financial Relief for Family Caregivers",NA,NA,NA,"By SAMANTHA YOUNG, KAISER HEALTH NEWS",NA
"91","https://www.nytimes.com/2019/03/19/travel/anniversaries-in-wyoming-and-huntsville-alabama.html","Huntsville, Alabama and the state of Wyoming are both gearing up to mark major milestones, but where one is an outright celebration, the other is a call to action.","Huntsville, Alabama and the state of Wyoming are both gearing up to mark major milestones, but where one is an outright celebration, the other is a call to action.","3","The New York Times","2019-03-19T09:00:19+0000","article","Travel","Travel",NA,"News","5c90affd49f0eacbf105dcd7",2431,0,"nyt://article/bb4f933d-85fe-5fc5-89e3-194d318b4e5a","In Praise of Pioneer Women and Rocket Scientists","The 52 Places Traveler","The 52 Places Traveler","In Praise of Pioneer Women and Rocket Scientists",NA,NA,NA,"By SEBASTIAN MODAK",NA
"92","https://www.nytimes.com/2019/03/20/fashion/tom-ford-melania-cfda.html","The new chairman of the Council of Fashion Designers of America never said that thing about Melania Trump — and says American designers must look outward.","The new chairman of the Council of Fashion Designers of America never said that thing about Melania Trump — and says American designers must look outward.","2","The New York Times","2019-03-20T12:07:18+0000","article","Styles","Fashion",NA,"News","5c922d5049f0eacbf105e0d9",1114,0,"nyt://article/ca110b11-e09b-5eac-b779-bb34b826363f","Tom Ford on Melania Trump (and the Future of American Fashion)","On the Runway","On the Runway","Tom Ford Heeds a Call to Duty",NA,NA,NA,"By VANESSA FRIEDMAN",NA
"93","https://www.nytimes.com/2019/03/19/crosswords/daily-puzzle-2019-03-20.html","Erik Agard, Amanda Chung and Karl Ni play hide-and-seek with us.","Erik Agard, Amanda Chung and Karl Ni play hide-and-seek with us.",NA,"The New York Times","2019-03-20T02:00:04+0000","article","Games","Crosswords & Games",NA,"News","5c919eff49f0eacbf105df7d",1087,0,"nyt://article/f5852c59-0738-5cb3-801b-c601445cfd91","Liquid","Wordplay","Wordplay","Liquid",NA,NA,NA,"By DEB AMLEN",NA
"94","https://www.nytimes.com/2019/03/19/arts/design/cortis-sonderegger-co-berlin-double-take-icons.html","The Swiss artists Jojakim Cortis and Adrian Sonderegger recreate famous historical photos in their studio, to remind us we shouldn’t always believe what we see.","The Swiss artists Jojakim Cortis and Adrian Sonderegger recreate famous historical photos in their studio, to remind us we shouldn’t always believe what we see.",NA,"The New York Times","2019-03-19T11:32:18+0000","article","Culture","Arts","Art & Design","News","5c90d39c49f0eacbf105dd4d",1121,0,"nyt://article/f25af282-7109-54d7-a24a-fc95b2bbbd4d","Think You Know This Photograph? Take Another Look",NA,NA,"Think You Know This Photograph? Take Another Look",NA,NA,NA,"By JOSIE THADDEUS-JOHNS",NA
"95","https://www.nytimes.com/2019/03/20/climate/wyoming-climate-change-drilling-interior.html","The decision could present a threat to President Trump’s agenda to quickly expand oil and gas drilling by offering opponents a roadmap to legal challenges. ","The decision could present a threat to President Trump’s agenda to quickly expand oil and gas drilling by offering opponents a roadmap to legal challenges. ","18","The New York Times","2019-03-20T18:22:55+0000","article","Climate","Climate",NA,"News","5c92855949f0eacbf105e1f5",659,0,"nyt://article/d01cb982-c98c-5369-aa89-49d6663d061e","Obama-Era Oil Leases Broke the Law by Not Assessing Climate Impact, Judge Rules",NA,NA,"Obama-Era Oil Leases Are Ruled Illegal, and That Might Pose a Problem for Trump",NA,NA,NA,"By CORAL DAVENPORT",NA
"96","https://www.nytimes.com/2019/03/20/reader-center/investigations-explainer.html","Rebecca Corbett and Dean Murphy, who lead our investigations team, answer questions about how they decide which projects to pursue, where they get tips and whether their jobs are as thrilling as the movies make them out to be.","Rebecca Corbett and Dean Murphy, who lead our investigations team, answer questions about how they decide which projects to pursue, where they get tips and whether their jobs are as thrilling as the movies make them out to be.","2","The New York Times","2019-03-20T09:00:08+0000","article","NewsDesk","Reader Center",NA,"News","5c92017349f0eacbf105e044",1569,0,"nyt://article/1597540b-022e-51c3-97b4-02c75a89dd05","How The Times Decides What to Investigate","Understanding The Times","Understanding The Times","How We Decide What to Investigate",NA,NA,NA,"By KATIE VAN SYCKLE",NA
"97","https://www.nytimes.com/2019/03/19/opinion/brazil-rain-forest.html","Indigenous leaders battle to save their land and their way of life.","Indigenous leaders battle to save their land and their way of life.","26","The New York Times","2019-03-19T10:00:04+0000","article","Editorial","Opinion",NA,"Editorial","5c90bdff49f0eacbf105dd0a",806,0,"nyt://article/b063fc7a-f5fd-529a-b81e-c9ae8a164402","Brazil’s New President Threatens ‘the Lungs of the Planet’","Editorial Observer","Editorial Observer","Who Will Save the Rain Forest?",NA,NA,NA,"By CAROL GIACOMO",NA
"98","https://www.nytimes.com/2019/03/20/arts/television/dave-attell.html","He’s an old-school performer who specializes in hard-hitting punch lines and isn’t interested in fighting culture wars. That makes him a rarity in comedy today.","He’s an old-school performer who specializes in hard-hitting punch lines and isn’t interested in fighting culture wars. That makes him a rarity in comedy today.","1","The New York Times","2019-03-20T17:43:45+0000","article","Culture","Arts","Television","News","5c927c2b49f0eacbf105e1de",1077,0,"nyt://article/00caf4dc-1a89-590b-80c0-22b16edc59d5","Dave Attell Is Our Greatest Club Comic (Says the Writer He Made Fun Of)","On Comedy","On Comedy","Ruthless. Seasoned. Hilarious.",NA,NA,NA,"By JASON ZINOMAN",NA
"99","https://www.nytimes.com/2019/03/20/arts/design/jews-money-myth-antisemitism-exhibition-london.html","An exhibition at the Jewish Museum in London looks at 2,000 years of negative stereotypes through historical objects and works of art.","An exhibition at the Jewish Museum in London looks at 2,000 years of negative stereotypes through historical objects and works of art.","1","The New York Times","2019-03-20T17:46:29+0000","article","Culture","Arts","Art & Design","News","5c927ccf49f0eacbf105e1e0",1244,0,"nyt://article/79964d0a-4837-5cdc-ab11-16117e409130","A Museum Tackles Myths About Jews and Money",NA,NA,"Debunking Myths About Jews and Money",NA,NA,NA,"By FARAH NAYERI",NA
"100","https://www.nytimes.com/2019/03/20/crosswords/who-made-my-puzzle-vigeland.html","This month’s constructor spotlight shines on Finn Vigeland.","This month’s constructor spotlight shines on Finn Vigeland.",NA,"The New York Times","2019-03-20T10:00:00+0000","article","Games","Crosswords & Games",NA,"News","5c920f7c49f0eacbf105e07d",1153,0,"nyt://article/bb7aa166-eb7e-5e4b-9e00-2a18cb8d3c98","Who Made My Puzzle?","Wordplay","Wordplay","Who Made My Puzzle?",NA,NA,NA,"By DEB AMLEN",NA
"101","https://www.nytimes.com/2019/03/20/books/review/survival-math-mitchell-s-jackson.html","In “Survival Math,” Mitchell S. Jackson tells his family story of living in Oregon and reckons with the interplay of racism and patriarchy in his own life.","In “Survival Math,” Mitchell S. Jackson tells his family story of living in Oregon and reckons with the interplay of racism and patriarchy in his own life.","18","The New York Times","2019-03-20T09:00:09+0000","article","BookReview","Books","Book Review","Review","5c92017449f0eacbf105e046",1189,0,"nyt://article/6f2cbb83-f746-5b2b-9081-24b0df38cdeb","A Memoir of Black Life in the ‘Other America’","Nonfiction","Nonfiction","Brother’s Keeper",NA,NA,NA,"By DARNELL L. MOORE",NA
"102","https://www.nytimes.com/2019/03/20/magazine/ocasio-cortez-is-finding-a-new-model-for-how-to-work-in-public.html","Why try to “rise above” preconceived notions about you when you can harness them?","Why try to “rise above” preconceived notions about you when you can harness them?","19","The New York Times","2019-03-20T09:00:10+0000","article","Magazine","Magazine",NA,"News","5c92017449f0eacbf105e048",1205,0,"nyt://article/b9efd5e3-1457-517c-9454-24abd31c8ea5","Ocasio-Cortez Is Finding a New Model for How to Work in Public","Screenland","Screenland","Long Game",NA,NA,NA,"By CARINA CHOCANO",NA
"103","https://www.nytimes.com/2019/03/20/fashion/watches-vacheron-constantin.html","Louis Ferla, the watch house’s chief executive, stresses the individuality of his work force.","Louis Ferla, the watch house’s chief executive, stresses the individuality of his work force.",NA,"International New York Times","2019-03-20T05:05:04+0000","article","SpecialSections","Fashion",NA,"News","5c91ca5a49f0eacbf105dfc4",1132,0,"nyt://article/2c2e7fc8-8635-51c2-8c3d-223e69f4b061","Vacheron Constantin and ‘The Human Touch’",NA,NA,"The human touch",NA,NA,NA,"By ROBIN SWITHINBANK",NA
"104","https://www.nytimes.com/2019/03/19/opinion/nicholas-christakis-yale.html","How a target of students’ ire came to write a book about humanity’s transcendent goodness.","How a target of students’ ire came to write a book about humanity’s transcendent goodness.","27","The New York Times","2019-03-19T23:01:05+0000","article","OpEd","Opinion",NA,"Op-Ed","5c91750c49f0eacbf105df39",1157,0,"nyt://article/5ca62b27-9a58-5f62-a5b7-f3048ba235fc","A ‘Disgusting’ Yale Professor Moves On",NA,NA,"A ‘Disgusting’ Yale Professor Moves On",NA,NA,NA,"By FRANK BRUNI",NA
"105","https://www.nytimes.com/2019/03/19/us/california-today-uc-irvine-ncaa-tournament.html","Tuesday: U.C. Irvine has become a hot N.C.A.A. tournament pick; the military construction projects that could be raided to fund Trump’s wall; and a lawsuit over the Flintstone House in Hillsborough.","Tuesday: U.C. Irvine has become a hot N.C.A.A. tournament pick; the military construction projects that could be raided to fund Trump’s wall; and a lawsuit over the Flintstone House in Hillsborough.",NA,"The New York Times","2019-03-19T13:05:23+0000","article","National","U.S.",NA,"briefing","5c90e96d49f0eacbf105dd74",1192,0,"nyt://article/f50b6f53-0a4c-54da-9e84-299250762271","The Best College Basketball Team in California Probably Isn’t the One You Think","California Today","California Today","",NA,NA,NA,"By MATT STEVENS",NA
"106","https://www.nytimes.com/2019/03/19/arts/dance/married-angel-balanchine-ballet.html","The wife-and-husband team of Sara Mearns and Joshua Bergasse talk about working together on “I Married an Angel” for Encores! Reader, she Lindy Hops.","The wife-and-husband team of Sara Mearns and Joshua Bergasse talk about working together on “I Married an Angel” for Encores! Reader, she Lindy Hops.","1","The New York Times","2019-03-19T16:47:01+0000","article","Culture","Arts","Dance","News","5c911d5f49f0eacbf105de24",1225,0,"nyt://article/2be1efb5-cab2-57ba-8159-777f6bdc112d","She Dances. He Directs. How They Created a Balletic Battle of the Sexes.",NA,NA,"She Dances. He Directs. It’s Surreal.",NA,NA,NA,"By GIA KOURLAS",NA
"107","https://www.nytimes.com/2019/03/19/nyregion/michael-cohen-documents-trump.html","The records, released on Tuesday, indicate that Mr. Cohen, President Trump’s former lawyer, came under scrutiny much earlier than was previously known.","The records, released on Tuesday, indicate that Mr. Cohen, President Trump’s former lawyer, came under scrutiny much earlier than was previously known.","18","The New York Times","2019-03-19T13:23:59+0000","article","Metro","New York",NA,"News","5c90edc949f0eacbf105dd84",839,0,"nyt://article/f74df2f8-2c50-5d09-9c50-307a3f4c1b77","Special Counsel Sought Michael Cohen’s Emails in 2017, Documents Show",NA,NA,"Scrutiny Started in 2017 For Trump’s Former Fixer",NA,NA,NA,"By BENJAMIN WEISER and WILLIAM K. RASHBAUM",NA
"108","https://www.nytimes.com/2019/03/20/obituaries/barbara-hammer-dead.html","After Ms. Hammer came out in the 1970s, her films took a provocative and influential turn. “One of my goals,” she said, “was to put a lesbian on camera.”","After Ms. Hammer came out in the 1970s, her films took a provocative and influential turn. “One of my goals,” she said, “was to put a lesbian on camera.”","14","The New York Times","2019-03-20T19:25:14+0000","article","Obits","Obituaries",NA,"Obituary (Obit)","5c9293f449f0eacbf105e213",1219,0,"nyt://article/525f198c-1ecf-581e-821a-ce4c230c717e","Barbara Hammer, Filmmaker of Lesbian Sexuality, Dies at 79",NA,NA,"Barbara Hammer, Whose Films Explored Lesbian Sexuality, Dies at 79",NA,NA,NA,"By RICHARD SANDOMIR",NA
"109","https://www.nytimes.com/2019/03/20/business/google-fine-advertising.html","The antitrust fine, the third imposed on Google by the European Union since 2017, reinforces Europe’s regulatory role as the world’s most aggressive tech watchdog.","The antitrust fine, the third imposed on Google by the European Union since 2017, reinforces Europe’s regulatory role as the world’s most aggressive tech watchdog.","1","The New York Times","2019-03-20T11:08:18+0000","article","Business","Business",NA,"News","5c921f7c49f0eacbf105e0ac",1250,0,"nyt://article/92737546-da2d-50e8-b2b8-3e8b59e37165","Google Fined $1.7 Billion by E.U. for Unfair Advertising Rules",NA,NA,"Google Fined $1.7 Billion By E.U. for Ad Practices",NA,NA,NA,"By ADAM SATARIANO",NA
"110","https://www.nytimes.com/2019/03/19/business/economy/what-is-crane-index.html","To help its clients assess hiring trends, a construction consulting firm created a crane index, which also provides a snapshot of the economy.","To help its clients assess hiring trends, a construction consulting firm created a crane index, which also provides a snapshot of the economy.","6","The New York Times","2019-03-19T22:17:04+0000","article","Business","Business","Economy","News","5c916aba49f0eacbf105df27",1253,0,"nyt://article/fe4f3d17-95f5-5b06-98e2-3194c4c8f201","Another Role for Construction Cranes: Economic Indicator","Square Feet","Square Feet","How’s the Economy? Count the Cranes to Find Out",NA,NA,NA,"By C. J. HUGHES",NA
"111","https://www.nytimes.com/2019/03/19/business/faa-stephen-dickson-trump.html","Mr. Dickson will be nominated amid calls for the aviation agency to explain its approval of the Boeing 737 Max, the jet involved in the two accidents","Mr. Dickson will be nominated amid calls for the aviation agency to explain its approval of the Boeing 737 Max, the jet involved in the two accidents","8","The New York Times","2019-03-19T20:37:15+0000","article","Business","Business",NA,"News","5c91535549f0eacbf105deda",470,0,"nyt://article/5ffd1025-c915-5c74-8226-d64e8c5424e6","Trump Picks Former Delta Executive Stephen Dickson as F.A.A. Chief",NA,NA,"Trump Picks Delta Veteran To Supervise Flight Agency",NA,NA,NA,"By TIFFANY HSU, THOMAS KAPLAN and ZACH WICHTER",NA
"112","https://www.nytimes.com/2019/03/19/briefing/new-zealand-deutsche-bank-japan-your-wednesday-briefing.html","Let us help you start your day.","Let us help you start your day.",NA,"The New York Times","2019-03-19T19:09:35+0000","article","NYTNow","Briefing",NA,"briefing","5c913ec949f0eacbf105de95",1386,0,"nyt://article/63b2ba5f-c5ef-5628-8433-9f886806bc4c","New Zealand, Deutsche Bank, Japan: Your Wednesday Briefing",NA,NA,"New Zealand, Deutsche Bank, Japan: Your Wednesday Briefing",NA,NA,NA,"By ALISHA HARIDASANI GUPTA",NA
"113","https://www.nytimes.com/2019/03/19/technology/facebook-discrimination-ads.html","The social media giant will stop allowing advertising of housing, jobs or credit to be aimed at those of a certain race, gender or age group.","The social media giant will stop allowing advertising of housing, jobs or credit to be aimed at those of a certain race, gender or age group.","1","The New York Times","2019-03-19T18:00:04+0000","article","Business","Technology",NA,"News","5c912e7e49f0eacbf105de5a",1394,0,"nyt://article/aa4c5b0b-25b5-5a9e-acd8-c0b4d869563f","Facebook Halts Ad Targeting Cited in Bias Complaints",NA,NA,"Ad Practices Tied to Bias Are Banned By Facebook",NA,NA,NA,"By NOAM SCHEIBER and MIKE ISAAC",NA
"114","https://www.nytimes.com/2019/03/19/reader-center/new-zealand-media-coverage.html","The killing of 50 people in New Zealand last week seems to be the most extreme example of a mass shooter using the internet as part of his arsenal of destruction and hate. We look at how this affected our calculations around how to cover the attac...","The killing of 50 people in New Zealand last week seems to be the most extreme example of a mass shooter using the internet as part of his arsenal of destruction and hate. We look at how this affected our calculations around how to cover the attack.","2","The New York Times","2019-03-19T21:30:10+0000","article","NewsDesk","Reader Center",NA,"News","5c915fbc49f0eacbf105def6",1616,0,"nyt://article/86b344c7-3673-5ee7-8797-35c110e724c8","The New Zealand Attack Posed New Challenges for Journalists. Here Are the Decisions The Times Made.",NA,NA,"Covering the New Zealand Attack",NA,NA,NA,"By HANNA INGBER",NA
"115","https://www.nytimes.com/2019/03/19/world/middleeast/isis-truffle-iraq.html","The militants are targeting Iraqis who venture into the wild to search for the delicacy, demanding ransom for those they don’t simply kill.","The militants are targeting Iraqis who venture into the wild to search for the delicacy, demanding ransom for those they don’t simply kill.","4","The New York Times","2019-03-19T09:00:14+0000","article","Foreign","World","Middle East","News","5c90aff949f0eacbf105dcd4",1432,0,"nyt://article/00381fb7-34fe-51d1-934b-730c98066df4","They Go to the Desert to Hunt for Truffles. But ISIS Is Hunting Them.",NA,NA,"Hunting for Desert Truffles, and Becoming Prey for ISIS",NA,NA,NA,"By ALISSA J. RUBIN",NA
"116","https://www.nytimes.com/2019/03/19/nyregion/sexual-harassment-neutral-reference.html","For city workers ousted over sexual harassment charges, “neutral reference agreements” help them hide bad behavior from prospective employers.","For city workers ousted over sexual harassment charges, “neutral reference agreements” help them hide bad behavior from prospective employers.","24","The New York Times","2019-03-19T09:00:07+0000","article","Metro","New York",NA,"News","5c90aff149f0eacbf105dcca",1436,0,"nyt://article/ccc08f0c-a563-5e70-9ac1-fc9c0dc65560","They Were Accused of Sexual Harassment, but the City Hid It",NA,NA,"Sexual Harassment Claims Led to Their Ouster, but City Kept Mum",NA,NA,NA,"By WILLIAM NEUMAN",NA
"117","https://www.nytimes.com/2019/03/20/briefing/federal-reserve-disney-kazakhstan.html","Here’s what you need to know.","Here’s what you need to know.",NA,"The New York Times","2019-03-20T09:39:45+0000","article","NYTNow","Briefing",NA,"briefing","5c920abb49f0eacbf105e06c",1510,0,"nyt://article/7ff14abe-026f-5035-9665-9d2e0111f30d","Federal Reserve, Disney, Kazakhstan: Your Wednesday Briefing",NA,NA,"Federal Reserve, Disney, Kazakhstan: Your Wednesday Briefing",NA,NA,NA,"By CHRIS STANFORD",NA
"118","https://www.nytimes.com/2019/03/19/business/dealbook/trump-deutsche-bank.html","The German lender courted Mr. Trump when no one else would, gave him millions — and has dropped him more than once.","The German lender courted Mr. Trump when no one else would, gave him millions — and has dropped him more than once.",NA,"The New York Times","2019-03-19T10:58:17+0000","article","Business","Business","DealBook","News","5c90cba349f0eacbf105dd30",1997,0,"nyt://article/0b906b5e-597a-5493-86a8-b7831cee3281","DealBook Briefing: Inside Trump and Deutsche Bank’s Checkered History",NA,NA,"DealBook Briefing: Inside Trump and Deutsche Bank’s Checkered History",NA,NA,NA,NA,NA
"119","https://www.nytimes.com/2019/03/20/t-magazine/postmodern-dance.html","The movement upended all notions of what the form could be. Today, it’s still shaping how we see the world around us.","The movement upended all notions of what the form could be. Today, it’s still shaping how we see the world around us.",NA,"The New York Times","2019-03-20T09:00:09+0000","article","TStyle","T Magazine",NA,"News","5c92017449f0eacbf105e047",2450,0,"nyt://article/42c1f81c-c4b1-57ee-a9f6-9a32519a38c1","The Pioneers of Postmodern Dance, 60 Years Later","Social Studies","Social Studies","The Pioneers of Postmodern Dance, 60 Years Later",NA,NA,NA,"By KATE GUADAGNINO",NA
"120","https://www.nytimes.com/2019/03/19/t-magazine/chile-architecture.html","Immense and indomitable, the country’s dramatic topography and climate have produced unique and spectacular takes on Modernist architecture.","Immense and indomitable, the country’s dramatic topography and climate have produced unique and spectacular takes on Modernist architecture.",NA,"The New York Times","2019-03-19T09:00:17+0000","article","TStyle","T Magazine",NA,"News","5c90affb49f0eacbf105dcd5",3678,0,"nyt://article/70187c73-c7b3-5a7f-b8c4-4fdc0ddaa5d3","In Chile, Homes as Extreme as the Landscape Itself",NA,NA,"In Chile, Homes as Extreme as the Landscape Itself",NA,NA,NA,"By MICHAEL SNYDER",NA
