"","web_url","snippet","lead_paragraph","print_page","source","pub_date","document_type","news_desk","section_name","type_of_material","_id","word_count","score","uri","subsectoinName","headline.main","headline.kicker","headline.content_kicker","headline.print_headline","headline.name","headline.seo","headline.sub","byline.original","byline.organization"
"1","https://www.nytimes.com/2019/03/25/opinion/trump-medicare-cuts.html","Democrats are engaged in indiscriminate attacks on President Trump’s 2020 budget proposal. They are ignoring some worthy ideas.","Democrats are engaged in indiscriminate attacks on President Trump’s 2020 budget proposal. They are ignoring some worthy ideas.","22","The New York Times","2019-03-25T23:45:54+0000","article","Editorial","Opinion","Editorial","5c99688c49f0eacbf105eff7",1016,0,"nyt://article/71ca0aa5-b54d-5ef5-b56c-8b9e147199ab",NA,"Not All Medicare Cuts Are Bad",NA,NA,"Not All Medicare Cuts Are Bad",NA,NA,NA,"By THE EDITORIAL BOARD","THE EDITORIAL BOARD"
"2","https://www.nytimes.com/2019/03/24/opinion/letters/military-trump.html","A reader argues against the administration’s aim of engorging the military-industrial complex.","A reader argues against the administration’s aim of engorging the military-industrial complex.","22","The New York Times","2019-03-24T17:00:01+0000","article","Letters","Opinion","Letter","5c97b7eb49f0eacbf105ec51",128,0,"nyt://article/e424794f-216a-56d2-8cbd-91199eeedcff","Letters","Make Social Progress, Not War","letter","letter","Social Progress, Not War",NA,NA,NA,NA,NA
"3","https://www.nytimes.com/2019/03/25/opinion/mueller-trump-no-collusion.html","The awful corruption of scandal politics.","The awful corruption of scandal politics.","23","The New York Times","2019-03-25T23:00:05+0000","article","OpEd","Opinion","Op-Ed","5c995dce49f0eacbf105efda",882,0,"nyt://article/04f7a683-7818-55c2-8e95-e3258df0efb5",NA,"We’ve All Just Made Fools of Ourselves — Again",NA,NA,"We All, Again, Just Made Fools  Of Ourselves",NA,NA,NA,"By DAVID BROOKS",NA
"4","https://www.nytimes.com/2019/03/25/us/politics/benjamin-netanyahu-donald-trump-meeting.html","The president’s decision was a valuable political gift to Prime Minister Benjamin Netanyahu a few weeks before he faces voters in Israel in a closely fought election.","The president’s decision was a valuable political gift to Prime Minister Benjamin Netanyahu a few weeks before he faces voters in Israel in a closely fought election.","7","The New York Times","2019-03-25T12:31:36+0000","article","Washington","U.S.","News","5c98ca8249f0eacbf105ee40",1283,0,"nyt://article/70f4602c-7884-51de-a837-b8a74550bd4e","Politics","Trump, With Netanyahu, Formally Recognizes Israel’s Authority Over Golan Heights",NA,NA,"Trump Formally Recognizes Israel’s Authority in Golan Heights",NA,NA,NA,"By MARK LANDLER and DAVID M. HALBFINGER",NA
"5","https://www.nytimes.com/2019/03/25/opinion/trump-free-speech-colleges.html","Deans don’t want call-out culture either — they just can’t say so out loud.","Deans don’t want call-out culture either — they just can’t say so out loud.",NA,"The New York Times","2019-03-25T15:00:04+0000","article","OpEd","Opinion","Op-Ed","5c98ed4e49f0eacbf105ee97",799,0,"nyt://article/3420e877-b393-5a3b-a618-60b60b751895",NA,"Why Colleges Like Trump’s Campus Speech Order",NA,NA,"Why Colleges Like Trump’s Campus Speech Order",NA,NA,NA,"By MARK BAUERLEIN",NA
"6","https://www.nytimes.com/2019/03/24/world/thailand-election-results.html","The populist party that most polls had forecast to win was in second place behind the military’s proxy party, likely cementing the army’s status as the country’s dominant political force.","The populist party that most polls had forecast to win was in second place behind the military’s proxy party, likely cementing the army’s status as the country’s dominant political force.","10","The New York Times","2019-03-24T17:58:04+0000","article","Foreign","World","News","5c97c58649f0eacbf105ec65",1375,0,"nyt://article/b4757fb2-4475-5bd0-9c5c-7e8840bde581","Asia Pacific","In Thai Elections, Military Party Takes the Lead, Upending Polls",NA,NA,"In Thai Elections, Military Party Takes the Lead, Upending Forecasts",NA,NA,NA,"By HANNAH BEECH and MUKTITA SUHARTONO",NA
"7","https://www.nytimes.com/2019/03/25/world/asia/thailand-election-results-military.html","After molding Thailand’s democracy since its coup in 2014, the military appears poised to consolidate power after an election in which notable irregularities were reported.","After molding Thailand’s democracy since its coup in 2014, the military appears poised to consolidate power after an election in which notable irregularities were reported.","9","The New York Times","2019-03-25T08:37:56+0000","article","Foreign","World","News","5c9893be49f0eacbf105edba",1056,0,"nyt://article/5f2df6eb-267b-5a01-8d89-09e5adeb0a49","Asia Pacific","As Thai Pro-Military Party Celebrates Election Lead, So Do Its Opponents",NA,NA,"Pro-Military Party Leads Early Vote Count in Thailand",NA,NA,NA,"By HANNAH BEECH and MUKTITA SUHARTONO",NA
"8","https://www.nytimes.com/2019/03/23/sunday-review/how-powerful-is-vladimir-putin-really.html","Russia today doesn’t seem like “a properly run dictatorship.”","Russia today doesn’t seem like “a properly run dictatorship.”","4","The New York Times","2019-03-23T18:30:08+0000","article","OpEd","Sunday Review","News Analysis","5c967b8e49f0eacbf105eafd",1846,0,"nyt://article/c496a41b-194f-5d97-bde3-515df86ea679",NA,"How Powerful Is Vladimir Putin Really?","news analysis","news analysis","How Powerful Is Vladimir Putin Really?",NA,NA,NA,"By ANDREW HIGGINS",NA
"9","https://www.nytimes.com/2019/03/23/health/private-health-insurance-medicare-for-all-bernie-sanders.html","Unlike Obamacare, emerging plans would sweep away the private health insurance system. What would that mean for the companies’ workers, the stock market and the cost of care?","Unlike Obamacare, emerging plans would sweep away the private health insurance system. What would that mean for the companies’ workers, the stock market and the cost of care?","1","The New York Times","2019-03-23T14:30:48+0000","article","Upshot","Health","News","5c96437249f0eacbf105ea96",1640,0,"nyt://article/ac2fd283-7c07-50ba-a4c6-4366eec65f60",NA,"Medicare for All Would Abolish Private Insurance. ‘There’s No Precedent in American History.’",NA,NA,"Idea Would End Private Insurers, But Then What?",NA,NA,NA,"By REED ABELSON and MARGOT SANGER-KATZ",NA
"10","https://www.nytimes.com/2019/03/25/opinion/mueller-report-trump.html","Don’t let Trump pretend he has been vindicated.","Don’t let Trump pretend he has been vindicated.","23","The New York Times","2019-03-25T19:27:01+0000","article","OpEd","Opinion","Op-Ed","5c992bdf49f0eacbf105ef4b",940,0,"nyt://article/a9e17a8f-90b0-5d21-afa3-187e911ca673",NA,"No Criminal Collusion. Lots of Corruption.",NA,NA,"No Collusion, But Lots Of Corruption",NA,NA,NA,"By MICHELLE GOLDBERG",NA
"11","https://www.nytimes.com/2019/03/23/opinion/stephen-moore-federal-reserve-trump.html","President Trump has tried to get the Federal Reserve to share his love of low interest rates. Now he’s ratcheting up the pressure.","President Trump has tried to get the Federal Reserve to share his love of low interest rates. Now he’s ratcheting up the pressure.","8","The New York Times","2019-03-23T15:43:31+0000","article","Editorial","Opinion","Editorial","5c96547d49f0eacbf105eab0",605,0,"nyt://article/8eeeed08-ce19-5601-af86-ccc82ec92b9d",NA,"Stephen Moore Would Be a Loyalist, not an Expert, at the Fed","Editorial Observer","Editorial Observer","Sending a Loyalist to the Fed",NA,NA,NA,"By BINYAMIN APPELBAUM",NA
"12","https://www.nytimes.com/2019/03/24/us/politics/us-isis-fight.html","Thousands of Islamic State fighters are still at large in Iraq and Syria, rearming and regrouping. And the group pose threats elsewhere, in Afghanistan, West Africa and the Philippines.","Thousands of Islamic State fighters are still at large in Iraq and Syria, rearming and regrouping. And the group pose threats elsewhere, in Afghanistan, West Africa and the Philippines.","7","The New York Times","2019-03-24T09:00:06+0000","article","Washington","U.S.","News","5c97477149f0eacbf105ebd7",1703,0,"nyt://article/c760e210-9662-5c22-9ad8-94e17db0657c","Politics","Its Territory May Be Gone, but the U.S. Fight Against ISIS Is Far From Over",NA,NA,"ISIS Territory Is Gone, But the Group Persists",NA,NA,NA,"By ERIC SCHMITT, THOMAS GIBBONS-NEFF, HELENE COOPER and ALISSA J. RUBIN",NA
"13","https://www.nytimes.com/2019/03/24/business/china-trade-xi.html","Top Chinese officials, looking at a skeptical audience both at home and abroad, pledge to open the country’s markets to foreign investment.","Top Chinese officials, looking at a skeptical audience both at home and abroad, pledge to open the country’s markets to foreign investment.","4","The New York Times","2019-03-24T15:56:34+0000","article","Business","Business","News","5c97a90c49f0eacbf105ec36",1078,0,"nyt://article/d30a0ea6-a5fa-5570-9edf-c0352201085b",NA,"China Pledges Openness in Hopes of Reaching a Trade Deal",NA,NA,"Hoping for Deal With U.S., China Promises Openness",NA,NA,NA,"By KEITH BRADSHER",NA
"14","https://www.nytimes.com/2019/03/22/us/politics/mueller-report-2020-candidates.html","Democratic candidates sought to use the report to build up their email lists of potential supporters who can be targeted with future fund-raising solicitations.","Democratic candidates sought to use the report to build up their email lists of potential supporters who can be targeted with future fund-raising solicitations.",NA,"The New York Times","2019-03-23T00:05:46+0000","article","Politics","U.S.","News","5c9578b449f0eacbf105e9b0",595,0,"nyt://article/5819ea91-d93d-5665-9d21-bf394c438cb3","Politics","2020 Candidates Demand Full and Immediate Release of Mueller Report",NA,NA,"",NA,NA,NA,"By RICHARD FAUSSET and MAGGIE ASTOR",NA
"15","https://www.nytimes.com/2019/03/25/opinion/trump-congress-israel.html","Everyone is getting what they want, at the expense of the Jewish state.","Everyone is getting what they want, at the expense of the Jewish state.","23","The New York Times","2019-03-25T10:00:04+0000","article","OpEd","Opinion","Op-Ed","5c98a6ff49f0eacbf105edf5",1520,0,"nyt://article/7772db00-ae09-5f75-b2f9-351afaeaf57c",NA,"Trump and Congress: Loving Israel to Death",NA,NA,"America Risks Loving Israel to Death",NA,NA,NA,"By THOMAS L. FRIEDMAN",NA
"16","https://www.nytimes.com/2019/03/24/us/politics/mueller-report-summary.html","The attorney general released the main findings of the closely watched investigation into Russia’s election interference and whether Trump associates conspired.","The attorney general released the main findings of the closely watched investigation into Russia’s election interference and whether Trump associates conspired.","1","The New York Times","2019-03-24T19:07:48+0000","article","Washington","U.S.","News","5c97d5de49f0eacbf105ec8b",1632,0,"nyt://article/0e82d026-fa9b-5802-9df6-b65dfc662b70","Politics","Mueller Finds No Trump-Russia Conspiracy, but Stops Short of Exonerating President on Obstruction",NA,NA,"Mueller Finds No Trump-Russia Conspiracy",NA,NA,NA,"By MARK MAZZETTI and KATIE BENNER",NA
"17","https://www.nytimes.com/2019/03/25/opinion/islamic-state-defeated.html","It can be managed but never really cured.","It can be managed but never really cured.","23","The New York Times","2019-03-25T23:00:03+0000","article","OpEd","Opinion","Op-Ed","5c995dcd49f0eacbf105efd9",1013,0,"nyt://article/0f420023-f7fc-5a1f-8f32-0f19863d1708",NA,"ISIS Is Like a Chronic Disease",NA,NA,"The Islamic State Is Not Defeated",NA,NA,NA,"By GRAEME WOOD",NA
"18","https://www.nytimes.com/2019/03/25/us/politics/trump-russia.html","The president went on the offensive a day after the Justice Department reported that the special counsel investigation concluded without finding conspiracy with Moscow.","The president went on the offensive a day after the Justice Department reported that the special counsel investigation concluded without finding conspiracy with Moscow.",NA,"The New York Times","2019-03-25T17:29:18+0000","article","Washington","U.S.","News","5c99104849f0eacbf105eee3",351,0,"nyt://article/8fb71ac8-fdf9-5053-8ea8-ce40e4568fee","Politics","Trump Blames ‘Treasonous’ Critics for Russia Inquiry",NA,NA,"",NA,NA,NA,"By PETER BAKER",NA
"19","https://www.nytimes.com/2019/03/23/us/politics/drug-prices-on-tv.html","The Trump administration has drafted a rule that would require drug makers to disclose their prices in television ads, but the industry fears sticker shock and is fighting back.","The Trump administration has drafted a rule that would require drug makers to disclose their prices in television ads, but the industry fears sticker shock and is fighting back.","17","The New York Times","2019-03-23T14:30:49+0000","article","Washington","U.S.","News","5c96437349f0eacbf105ea97",1204,0,"nyt://article/dce964bd-7666-5ee1-8b6e-753b98333820","Politics","Drug Prices on TV? They May Be Coming.",NA,NA,"Drug Prices on TV? Stay Tuned. Sticker Shock May Be Coming.",NA,NA,NA,"By ROBERT PEAR",NA
"20","https://www.nytimes.com/2019/03/24/opinion/letters/trump-mueller-report.html","Readers react to the attorney general’s summary of the special counsel’s report.","Readers react to the attorney general’s summary of the special counsel’s report.","22","The New York Times","2019-03-24T23:01:46+0000","article","Letters","Opinion","Letter","5c980cb449f0eacbf105ecdc",664,0,"nyt://article/5f8efb83-e7a1-5ae2-b628-521a8331f093","Letters","What Mueller Found, and Didn’t Find","letters","letters","What Mueller Found, and Didn’t Find",NA,NA,NA,NA,NA
"21","https://www.nytimes.com/2019/03/25/opinion/mueller-report-corruption.html","The many serious crimes that Mueller uncovered, almost by accident, show us that we have to prioritize official corruption.","The many serious crimes that Mueller uncovered, almost by accident, show us that we have to prioritize official corruption.",NA,"The New York Times","2019-03-25T19:33:55+0000","article","OpEd","Opinion","Op-Ed","5c992d7d49f0eacbf105ef4e",889,0,"nyt://article/c5fd8b80-246b-59f2-a02a-4f93b49595c0",NA,"Investigate the Swamp!",NA,NA,"Investigate the Swamp!",NA,NA,NA,"By TIM WU",NA
"22","https://www.nytimes.com/2019/03/25/opinion/stephen-moore-federal-reserve.html","The invasion of hucksters has reached the Federal Reserve.","The invasion of hucksters has reached the Federal Reserve.","22","The New York Times","2019-03-25T22:30:05+0000","article","OpEd","Opinion","Op-Ed","5c9956c749f0eacbf105efa9",898,0,"nyt://article/387fdd1b-7475-5598-b11d-a705c0b4a040",NA,"Trump’s Kakistocracy Is Also a Hackistocracy",NA,NA,"Trump’s Kakistocracy Is Also a Hackistocracy",NA,NA,NA,"By PAUL KRUGMAN",NA
"23","https://www.nytimes.com/2019/03/24/us/politics/democrats-william-barr-letter.html","The candidates said Attorney General William Barr’s summary of Robert Mueller’s investigation was inadequate.","The candidates said Attorney General William Barr’s summary of Robert Mueller’s investigation was inadequate.","17","The New York Times","2019-03-24T23:16:12+0000","article","Express","U.S.","News","5c98101649f0eacbf105eced",535,0,"nyt://article/dc86354f-1b99-5a4d-88b0-e32d9d608d15","Politics","Democratic Presidential Candidates Call for Release of Special Counsel Report",NA,NA,"Democratic Candidates Call for Full Report",NA,NA,NA,"By SANDRA E. GARCIA",NA
"24","https://www.nytimes.com/2019/03/25/nyregion/jose-serrano-parkinsons-retire.html","Mr. Serrano, a Bronx Democrat who was first elected to Congress in 1990, was likely to face a primary challenge in 2020.","Mr. Serrano, a Bronx Democrat who was first elected to Congress in 1990, was likely to face a primary challenge in 2020.","19","The New York Times","2019-03-25T23:13:45+0000","article","Metro","New York","News","5c99610349f0eacbf105efe1",669,0,"nyt://article/233801bb-fe94-549a-b23c-9a5cb5767d46",NA,"Representative Serrano of the Bronx to Retire, Potentially Opening Seat for Younger Progressive",NA,NA,"Congressman Of the Bronx Since 1990 Will Retire",NA,NA,NA,"By WILLIAM NEUMAN and JESSE McKINLEY",NA
"25","https://www.nytimes.com/2019/03/23/opinion/letters/trump-america.html","In the third world, behavior like the president’s would be unacceptable. For it to be happening in America is astonishing.","In the third world, behavior like the president’s would be unacceptable. For it to be happening in America is astonishing.",NA,"The New York Times","2019-03-23T14:00:03+0000","article","Letters","Opinion","Letter","5c963c3d49f0eacbf105ea8b",197,0,"nyt://article/2dc409c3-1dc4-5bbb-a18f-4e47500476b7","Letters","America’s Trump Problem","letter","letter","America’s Trump Problem",NA,NA,NA,NA,NA
"26","https://www.nytimes.com/2019/03/23/opinion/electoral-college.html","And why and how that case might fail.","And why and how that case might fail.","9","The New York Times","2019-03-23T18:30:07+0000","article","OpEd","Opinion","Op-Ed","5c967b8949f0eacbf105eaf6",875,0,"nyt://article/390e58f5-a85d-5641-afc0-80aec147cfc1","Sunday Review","A Case for the Electoral College",NA,NA,"A Case for the Electoral College",NA,NA,NA,"By ROSS DOUTHAT",NA
"27","https://www.nytimes.com/2019/03/25/us/politics/on-politics-mueller-report-2020.html","At a time when most Americans have already made up their minds about the president, it seems unlikely that the special counsel’s report would sway them.","At a time when most Americans have already made up their minds about the president, it seems unlikely that the special counsel’s report would sway them.",NA,"The New York Times","2019-03-25T22:35:31+0000","article","Politics","U.S.","News","5c99580d49f0eacbf105efaf",1103,0,"nyt://article/cc9ee2b8-4143-5313-8e4b-428c75247227","Politics","How Much Does the Mueller Report Matter for the 2020 Race?","On Politics With Lisa Lerer","On Politics With Lisa Lerer","Evening Edition",NA,NA,NA,"By LISA LERER",NA
"28","https://www.nytimes.com/2019/03/24/us/politics/senate-republicans-anti-semitism.html","The bills are part of a larger political strategy aimed partly at showing that Republicans are more willing to tackle anti-Semitic hate speech than divided Democrats.","The bills are part of a larger political strategy aimed partly at showing that Republicans are more willing to tackle anti-Semitic hate speech than divided Democrats.","18","The New York Times","2019-03-24T21:13:07+0000","article","Washington","U.S.","News","5c97f33d49f0eacbf105ecb7",1227,0,"nyt://article/c714fdac-9e19-5be2-9875-3c31a0acc846","Politics","Eager to Court Jews (and Fracture Democrats), Republicans Push Bills on Anti-Semitism",NA,NA,"Testing Divided Democrats, Republicans Push Anti-Semitism Bills",NA,NA,NA,"By GLENN THRUSH",NA
"29","https://www.nytimes.com/2019/03/25/world/asia/pastor-wang-yi-detention.html","Wang Yi has been held incommunicado since December, part of a government crackdown on independent religious groups.","Wang Yi has been held incommunicado since December, part of a government crackdown on independent religious groups.","9","The New York Times","2019-03-25T06:59:04+0000","article","Foreign","World","News","5c987c9249f0eacbf105ed8c",1222,0,"nyt://article/f0c48ee7-72e3-586f-bfbf-a24ab2194edd","Asia Pacific","This Chinese Christian Was Charged With Trying to Subvert the State",NA,NA,"For Pastor Critical of Xi, Detention Is Test of Faith",NA,NA,NA,"By IAN JOHNSON",NA
"30","https://www.nytimes.com/2019/03/23/world/middleeast/isis-syria-caliphate.html","American-backed forces took the last remnant of territory under Islamic State rule in Syria, but signs of the group’s resurgence are already visible.","American-backed forces took the last remnant of territory under Islamic State rule in Syria, but signs of the group’s resurgence are already visible.","1","The New York Times","2019-03-23T06:18:02+0000","article","Foreign","World","News","5c95cff449f0eacbf105ea29",1722,0,"nyt://article/985e1be9-778d-5c1f-a720-7d2325c3ed8f","Middle East","ISIS Caliphate Crumbles as Last Village in Syria Falls",NA,NA,"Last ISIS Village Falls, and a Caliphate Is Erased",NA,NA,NA,"By RUKMINI CALLIMACHI",NA
"31","https://www.nytimes.com/2019/03/25/us/politics/supreme-court-mueller-subpoena.html","The mysterious case concerned an unnamed corporation owned by a foreign government identified in court papers as Country A.","The mysterious case concerned an unnamed corporation owned by a foreign government identified in court papers as Country A.","12","The New York Times","2019-03-25T15:52:06+0000","article","Washington","U.S.","News","5c98f98049f0eacbf105eeb7",616,0,"nyt://article/36ca362c-2d8d-52e2-8d12-23bde07cdf53","Politics","Supreme Court Won’t Hear Company’s Appeal in Mueller Subpoena Case",NA,NA,"Court Rejects Mueller Case Full of Secrets",NA,NA,NA,"By ADAM LIPTAK",NA
"32","https://www.nytimes.com/2019/03/25/world/europe/brexit-parliament-theresa-may.html","British lawmakers will now hold a series of votes to see if they can come up with a better Brexit plan than has Mrs. May, whose tenure is ever shakier.","British lawmakers will now hold a series of votes to see if they can come up with a better Brexit plan than has Mrs. May, whose tenure is ever shakier.","8","The New York Times","2019-03-25T22:17:03+0000","article","Foreign","World","News","5c9953b949f0eacbf105efa0",994,0,"nyt://article/54451b0c-9fa2-5559-b91e-e709cc671529","Europe","Parliament Grabs Control of Brexit From a Wounded Theresa May",NA,NA,"Parliament, Rebuking May’s Deal and Her Tactics, Wrests Control of Brexit",NA,NA,NA,"By STEPHEN CASTLE",NA
"33","https://www.nytimes.com/2019/03/22/world/asia/china-bus-fire.html","The long-distance coach bus was taking tourists to Mao Zedong’s hometown when the fire erupted, according to Chinese state media. At least 26 people were killed.","The long-distance coach bus was taking tourists to Mao Zedong’s hometown when the fire erupted, according to Chinese state media. At least 26 people were killed.",NA,"The New York Times","2019-03-23T02:56:47+0000","article","Foreign","World","News","5c95a0c949f0eacbf105e9eb",352,0,"nyt://article/bdf35b96-5242-5483-9b88-1fb1a9a4dba0","Asia Pacific","Bus Fire in China Kills Dozens of People",NA,NA,"",NA,NA,NA,"By CHRIS BUCKLEY",NA
"34","https://www.nytimes.com/2019/03/25/us/politics/house-democrats-health-coverage.html","Democrats will set aside “Medicare for all,” at least for now, in favor of an incremental set of proposals to protect people with pre-existing conditions and expand coverage.","Democrats will set aside “Medicare for all,” at least for now, in favor of an incremental set of proposals to protect people with pre-existing conditions and expand coverage.","13","The New York Times","2019-03-25T22:24:47+0000","article","Washington","U.S.","News","5c99558949f0eacbf105efa4",980,0,"nyt://article/9c64f2c1-9fe1-5b0f-9e43-06fff6a993a9","Politics","House Democrats to Unveil Plan to Expand Health Coverage",NA,NA,"‘Medicare for All’ on Hold As House Democrats Try To Widen Health Coverage",NA,NA,NA,"By ROBERT PEAR",NA
"35","https://www.nytimes.com/interactive/2019/03/24/us/politics/barr-letter-mueller-report.html","The letter, by Attorney General William P. Barr, details the main findings of the special counsel’s two-year investigation into Russian interference in the 2016 presidential election.","The letter, by Attorney General William P. Barr, details the main findings of the special counsel’s two-year investigation into Russian interference in the 2016 presidential election.",NA,"The New York Times","2019-03-24T19:48:44+0000","multimedia","U.S.","U.S.","Interactive Feature","5c97df7649f0eacbf105ec97",0,0,"nyt://interactive/c3d65284-19ac-57fb-a9a8-56cac730abb0","Politics","Read Attorney General William Barr’s Summary of the Mueller Report","",NA,NA,NA,NA,NA,"By THE NEW YORK TIMES","The New York Times"
"36","https://www.nytimes.com/2019/03/23/world/europe/france-yellow-vest-protests.html","The number of protesters has dwindled over the past months. But a surge of violence last weekend had renewed scrutiny of the government’s handling of the demonstrations.","The number of protesters has dwindled over the past months. But a surge of violence last weekend had renewed scrutiny of the government’s handling of the demonstrations.","4","The New York Times","2019-03-23T13:09:46+0000","article","Foreign","World","News","5c96307449f0eacbf105ea7e",884,0,"nyt://article/7dae5a16-e136-5798-851b-427b17f32d92","Europe","Police Beef Up and Violence Dips in Week 19 of ‘Yellow Vest’ Protests",NA,NA,"Violence Eases on 19th Weekend of French Protests",NA,NA,NA,"By AURELIEN BREEDEN",NA
"37","https://www.nytimes.com/2019/03/23/opinion/sunday/britain-brexit.html","Brexit has exposed my country as a solipsistic backwater.","Brexit has exposed my country as a solipsistic backwater.","1","The New York Times","2019-03-23T18:30:07+0000","article","OpEd","Opinion","Op-Ed","5c967b8a49f0eacbf105eaf8",1998,0,"nyt://article/dd5a5bd6-ea3a-5a8d-a914-2ae0672a978a","Sunday Review","Britain Is Drowning Itself in Nostalgia",NA,NA,"Britain Is Drowning In Nostalgia",NA,NA,NA,"By SAM BYERS",NA
"38","https://www.nytimes.com/2019/03/23/world/asia/korea-alliance-trump-kim-moon.html","Since the summit meeting between Kim Jong-un and President Trump in Vietnam ended without a deal, North Korea has urged South Korea to distance itself from the United States.","Since the summit meeting between Kim Jong-un and President Trump in Vietnam ended without a deal, North Korea has urged South Korea to distance itself from the United States.","4","The New York Times","2019-03-23T11:16:12+0000","article","Foreign","World","News","5c9615d649f0eacbf105ea65",1002,0,"nyt://article/f139396d-0157-5bee-8aff-8216c8c9bd6c","Asia Pacific","North Korea Steps Up Effort to Divide South Korea and U.S.",NA,NA,"North Korea Urges South Korea to Distance Itself From U.S. ",NA,NA,NA,"By CHOE SANG-HUN",NA
"39","https://www.nytimes.com/2019/03/25/us/politics/border-wall-funding.html","The House will try on Tuesday to override President Trump’s veto of its resolution to kill his national emergency. The focus is on the projects that will be cut to fund the wall.","The House will try on Tuesday to override President Trump’s veto of its resolution to kill his national emergency. The focus is on the projects that will be cut to fund the wall.","10","The New York Times","2019-03-25T20:50:05+0000","article","Washington","U.S.","News","5c993f5749f0eacbf105ef6f",1253,0,"nyt://article/51c7da89-3706-593d-b706-2e41674a79c6","Politics","With Override Vote Coming, Congress Examines Military Cuts That Will Fund Wall",NA,NA,"Military Bases Brace for Cuts That Would Fund Border Wall",NA,NA,NA,"By EMILY COCHRANE and THOMAS GIBBONS-NEFF",NA
"40","https://www.nytimes.com/2019/03/23/world/asia/thailand-election-vote.html","A populist party looks set to prevail on Sunday. But waiting in the wings, and even on the ballots, is the military.","A populist party looks set to prevail on Sunday. But waiting in the wings, and even on the ballots, is the military.","9","The New York Times","2019-03-23T10:24:33+0000","article","Foreign","World","News","5c9609bb49f0eacbf105ea5b",1175,0,"nyt://article/41343975-8986-58a4-8bf5-a396946a4d5f","Asia Pacific","As Thailand Prepares to Vote, the Likely Winner Is Clear. But the Aftermath Isn’t.",NA,NA,"Likely Winner in Thai Elections Is Clear. The Aftermath Is Anything But.",NA,NA,NA,"By HANNAH BEECH",NA
"41","https://www.nytimes.com/2019/03/25/science/duke-settlement-research.html","The university submitted falsified data in connection with 30 grants obtained from the N.I.H. and E.P.A., according to a whistle-blower lawsuit.","The university submitted falsified data in connection with 30 grants obtained from the N.I.H. and E.P.A., according to a whistle-blower lawsuit.","17","The New York Times","2019-03-25T23:36:09+0000","article","Science","Science","News","5c99664349f0eacbf105eff0",447,0,"nyt://article/cce445eb-b459-5df7-bfac-9af175484ab5",NA,"Duke University to Pay $112.5 Million to Settle Claims of Research Misconduct",NA,NA,"Duke to Pay $112.5 Million Over Claim It Falsified Data",NA,NA,NA,"By SHEILA KAPLAN",NA
"42","https://www.nytimes.com/video/world/middleeast/100000006427609/trump-netanyahu-rocket-defense.html","During a meeting at the White House, President Trump and Prime Minister Benjamin Netanyahu of Israel reinforced the close ties between their nations after a rocket launched from Gaza struck a house in central Israel.","During a meeting at the White House, President Trump and Prime Minister Benjamin Netanyahu of Israel reinforced the close ties between their nations after a rocket launched from Gaza struck a house in central Israel.",NA,"AP","2019-03-25T17:38:34+0000","multimedia","World / Middle East","World","Video","5c99127449f0eacbf105eeea",125,0,"nyt://video/adc41748-8066-55b5-8177-1ae68b471e85","Middle East","Trump Announces ‘Historic Action’ on Defense of Israel",NA,NA,NA,NA,NA,NA,"By THE ASSOCIATED PRESS","THE ASSOCIATED PRESS"
"43","https://www.nytimes.com/2019/03/23/us/trump-investigations-new-york.html","The special counsel’s work may be done, but prosecutors in Manhattan and elsewhere are pursuing investigations into the president’s family business and more.","The special counsel’s work may be done, but prosecutors in Manhattan and elsewhere are pursuing investigations into the president’s family business and more.","1","The New York Times","2019-03-23T11:35:38+0000","article","Investigative","U.S.","News","5c961a6449f0eacbf105ea69",1910,0,"nyt://article/47f2a89f-b71e-5719-a3d9-8c45eb4604db",NA,"As Mueller Report Lands, Prosecutorial Focus Moves to New York",NA,NA,"With Mueller’s Report In,  Interest Turns to New York",NA,NA,NA,"By BEN PROTESS, WILLIAM K. RASHBAUM, BENJAMIN WEISER and MAGGIE HABERMAN",NA
"44","https://www.nytimes.com/2019/03/25/world/asia/jacinda-ardern-new-zealand-china.html","The planned visit signals a return to normal government business as the prime minister tries to mend frayed relations with New Zealand’s largest export market.","The planned visit signals a return to normal government business as the prime minister tries to mend frayed relations with New Zealand’s largest export market.","8","The New York Times","2019-03-25T07:42:28+0000","article","Foreign","World","News","5c9886bf49f0eacbf105ed9d",781,0,"nyt://article/0e9c3ac6-1e7d-526f-85b6-e6311d0054ca","Asia Pacific","10 Days After Christchurch Shootings, Jacinda Ardern Announces a Trip to China",NA,NA,"New Zealand’s Prime Minister Prepares for a Delayed Trip to China",NA,NA,NA,"By CHARLOTTE GRAHAM-McLAY",NA
"45","https://www.nytimes.com/2019/03/24/opinion/a-grand-compromise-on-immigration.html","A bipartisan deal to bring millions of immigrants out of the shadows, and pay for a secure border.","A bipartisan deal to bring millions of immigrants out of the shadows, and pay for a secure border.","23","The New York Times","2019-03-24T16:36:08+0000","article","OpEd","Opinion","Op-Ed","5c97b25249f0eacbf105ec45",790,0,"nyt://article/ccc6474b-9f17-5bdf-a334-4459803ded97",NA,"A Grand Compromise on Immigration",NA,NA,"A Grand Compromise on Immigration",NA,NA,NA,"By PETER KING and TOM SUOZZI",NA
"46","https://www.nytimes.com/2019/03/25/climate/copenhagen-climate-change.html","The Danish capital wants to be carbon neutral six years from now. Its plan involves wind, recycling and a very innovative ski hill.","The Danish capital wants to be carbon neutral six years from now. Its plan involves wind, recycling and a very innovative ski hill.","8","The New York Times","2019-03-25T07:00:21+0000","article","Climate","Climate","News","5c987cdf49f0eacbf105ed90",1425,0,"nyt://article/bcb6781e-725b-5efb-8a6e-78e0f78c64e4",NA,"Copenhagen Wants to Show How Cities Can Fight Climate Change",NA,NA,"Can Cities Be Carbon Neutral? Copenhagen Sets Out to Lead the Way",NA,NA,NA,"By SOMINI SENGUPTA and CHARLOTTE DE LA FUENTE",NA
"47","https://www.nytimes.com/2019/03/25/opinion/collusion-mueller-trump.html","It's our own fault we elected Trump.","It's our own fault we elected Trump.","23","The New York Times","2019-03-25T19:19:00+0000","article","OpEd","Opinion","Op-Ed","5c9929ff49f0eacbf105ef47",974,0,"nyt://article/3ad44172-45b2-5658-bc2c-7cc167c12180",NA,"Collusion Was a Seductive Delusion",NA,NA,"We Were  All Seduced  By Collusion",NA,NA,NA,"By FARHAD MANJOO",NA
"48","https://www.nytimes.com/2019/03/25/world/europe/macron-xi-france-china.html","Amid the signing of treaties and commercial contracts worth billions of euros, President Emmanuel Macron of France made wary statements about China’s influence as he hosted the country’s leader.","Amid the signing of treaties and commercial contracts worth billions of euros, President Emmanuel Macron of France made wary statements about China’s influence as he hosted the country’s leader.","9","The New York Times","2019-03-25T23:37:06+0000","article","Foreign","World","News","5c99667c49f0eacbf105eff1",927,0,"nyt://article/d59c7899-44e3-57a6-9c9e-b57f15a1584b","Europe","Behind the Niceties of Chinese Leader’s Visit, France Is Wary",NA,NA,"Welcome for China’s Xi, But Paris Remains Wary",NA,NA,NA,"By ADAM NOSSITER",NA
"49","https://www.nytimes.com/2019/03/24/opinion/letters/appalachia-coal-miners-jobs.html","A reader says jobless coal miners can be put to work fixing a ravaged land.","A reader says jobless coal miners can be put to work fixing a ravaged land.","22","The New York Times","2019-03-24T17:00:01+0000","article","Letters","Opinion","Letter","5c97b7eb49f0eacbf105ec50",171,0,"nyt://article/023df3c2-078b-5682-baf3-d6505b2d75e1","Letters","Restoring Appalachia","letter","letter","Restoring Appalachia",NA,NA,NA,NA,NA
"50","https://www.nytimes.com/2019/03/25/nyregion/pete-buttigieg-2020-de-blasio-mayor.html","Mayor Pete Buttigieg of South Bend, Ind., is getting more traction in the 2020 conversation than Mayor Bill de Blasio of New York, even in New York.","Mayor Pete Buttigieg of South Bend, Ind., is getting more traction in the 2020 conversation than Mayor Bill de Blasio of New York, even in New York.","19","The New York Times","2019-03-25T21:31:00+0000","article","Metro","New York","News","5c9948ee49f0eacbf105ef8b",1086,0,"nyt://article/cb743b39-44d3-5af3-b8f2-9d29d49117df",NA,"New York Buzzes Over a Mayor Mulling a 2020 Bid (Buttigieg, Not de Blasio)",NA,NA,"City Gushes Over Mayor Mulling a 2020 Bid",NA,NA,NA,"By JEFFERY C. MAYS",NA
"51","https://www.nytimes.com/2019/03/25/us/supreme-court-gerrymandering-north-carolina.html","Justices will be reviewing the case of North Carolina, where Republicans drew a map to maximize their power in the House. Plaintiffs challenging the map say it’s unconstitutional.","Justices will be reviewing the case of North Carolina, where Republicans drew a map to maximize their power in the House. Plaintiffs challenging the map say it’s unconstitutional.","12","The New York Times","2019-03-25T09:00:05+0000","article","National","U.S.","News","5c9898ef49f0eacbf105edc6",1741,0,"nyt://article/b9e8945c-5c60-5f2e-8add-268f2651e8e4",NA,"Will the Supreme Court End Gerrymandering? Arguments Begin This Week",NA,NA,"Justices Will Hear Arguments Over North Carolina Voting Maps",NA,NA,NA,"By MICHAEL WINES",NA
"52","https://www.nytimes.com/2019/03/24/us/politics/mueller-report-live-updates.html","A summary said the investigation had not found that the president conspired with Russia. The attorney general said he would not pursue an obstruction of justice case.","A summary said the investigation had not found that the president conspired with Russia. The attorney general said he would not pursue an obstruction of justice case.",NA,"The New York Times","2019-03-24T18:30:04+0000","article","Washington","U.S.","News","5c97cd0749f0eacbf105ec74",1979,0,"nyt://article/21a138f4-a36e-5462-8e24-9be9d5e8dc9f","Politics","Trump Claims ‘Total Exoneration,’ but Report Is Mixed on Obstruction","Live Briefing","Live Briefing","",NA,NA,NA,"By THE NEW YORK TIMES","The New York Times"
"53","https://www.nytimes.com/2019/03/25/us/politics/mueller-report-disappointment.html","The subset of liberals who idolized Robert S. Mueller III and thought he would bring down President Trump are devastated, but some still hold out hope for the special counsel’s full report.","The subset of liberals who idolized Robert S. Mueller III and thought he would bring down President Trump are devastated, but some still hold out hope for the special counsel’s full report.","16","The New York Times","2019-03-25T23:42:22+0000","article","Politics","U.S.","News","5c9967b849f0eacbf105eff3",1295,0,"nyt://article/adb2e6d3-97c2-5f57-86da-61cd0f703ac6","Politics","Disappointed Fans of Mueller Rethink the Pedestal They Built for Him",NA,NA,"Pedestal That Fans Built for Mueller Is Draped in Mourning Black",NA,NA,NA,"By ASTEAD W. HERNDON and RICHARD FAUSSET",NA
"54","https://www.nytimes.com/2019/03/23/us/politics/aipac-israel-trump-democrats.html","On the surface, the annual Aipac conference looks relatively unchanged. But recent actions by President Trump and rising criticism of Israel on the left are taking a toll.","On the surface, the annual Aipac conference looks relatively unchanged. But recent actions by President Trump and rising criticism of Israel on the left are taking a toll.","15","The New York Times","2019-03-23T14:47:31+0000","article","Washington","U.S.","News","5c96475d49f0eacbf105eaa0",1460,0,"nyt://article/346e8767-750a-50f8-b8a7-232996d7890f","Politics","Israel Lobby Convenes in Washington Amid Fraying Bipartisanship and Rising Tension",NA,NA,"Israel Lobby Convenes Amid Tension and Fraying Bipartisanship",NA,NA,NA,"By SHERYL GAY STOLBERG",NA
"55","https://www.nytimes.com/2019/03/23/opinion/isis-defeated.html","Make no mistake: The group will be back unless the conditions that gave birth to it are addressed.","Make no mistake: The group will be back unless the conditions that gave birth to it are addressed.",NA,"The New York Times","2019-03-23T14:41:59+0000","article","OpEd","Opinion","Op-Ed","5c96461149f0eacbf105ea9f",1186,0,"nyt://article/ccce40fd-21b8-59b4-8bc3-50fb2ac21942",NA,"The Islamic State Has Not Been Defeated",NA,NA,"The Islamic State Has Not Been Defeated",NA,NA,NA,"By FAWAZ GERGES",NA
"56","https://www.nytimes.com/2019/03/25/us/politics/beto-jennifer-malley-dillon.html","The Democrat from Texas has hired Jennifer O’Malley Dillon, who worked for Barack Obama in 2012, to lead a campaign he had mostly overseen himself.","The Democrat from Texas has hired Jennifer O’Malley Dillon, who worked for Barack Obama in 2012, to lead a campaign he had mostly overseen himself.","18","The New York Times","2019-03-25T20:16:58+0000","article","Politics","U.S.","News","5c99379449f0eacbf105ef64",524,0,"nyt://article/b148f487-b7f7-55e1-9bc0-9c6ee750d5ef","Politics","Beto O’Rourke Hires Former Obama Aide as Campaign Manager",NA,NA,"Obama Aide Will Manage O’Rourke Bid",NA,NA,NA,"By JONATHAN MARTIN",NA
"57","https://www.nytimes.com/2019/03/25/opinion/trump-mueller-barr-letter.html","A demagogic president can walk right up to the edge of committing a crime, so long as he operates brazenly in public view.","A demagogic president can walk right up to the edge of committing a crime, so long as he operates brazenly in public view.",NA,"The New York Times","2019-03-25T10:00:04+0000","article","OpEd","Opinion","Op-Ed","5c98a6fe49f0eacbf105edf3",928,0,"nyt://article/1f9d4f45-84f5-58ea-b043-72401bef2794",NA,"Trump’s Shamelessness Was Outside Mueller’s Jurisdiction",NA,NA,"Trump’s Shamelessness Was Outside Mueller’s Jurisdiction",NA,NA,NA,"By BOB BAUER",NA
"58","https://www.nytimes.com/2019/03/23/world/middleeast/iraq-ferry-accident.html","At least 97 people have died in the accident, which turned a festive Kurdish New Year celebration this week into a scene of horror.","At least 97 people have died in the accident, which turned a festive Kurdish New Year celebration this week into a scene of horror.","11","The New York Times","2019-03-23T15:14:09+0000","article","Foreign","World","News","5c964d9b49f0eacbf105eaa6",931,0,"nyt://article/075b8a33-4e4c-51a1-b45f-af13f7ce2e12","Middle East","After a Deadly Ferry Accident, a Grim Vigil at an Iraqi Morgue",NA,NA,"An Agonizing Search After a Deadly Raft Accident in Iraq",NA,NA,NA,"By ALISSA J. RUBIN",NA
"59","https://www.nytimes.com/2019/03/25/briefing/brexit-gaza-apple.html","Let us help you start your day.","Let us help you start your day.",NA,"The New York Times","2019-03-25T19:02:20+0000","article","NYTNow","Briefing","briefing","5c99261649f0eacbf105ef40",1485,0,"nyt://article/ff0c4729-1abf-51d7-b275-0d4ab57d04cb",NA,"Brexit, Gaza, Apple: Your Tuesday Briefing",NA,NA,"Brexit, Gaza, Apple: Your Tuesday Briefing",NA,NA,NA,"By ALISHA HARIDASANI GUPTA",NA
"60","https://www.nytimes.com/2019/03/24/us/midwest-flooding-pine-ridge.html","On the Pine Ridge Indian Reservation in South Dakota, extreme weather and bad roads have left some residents stranded for nearly two weeks with limited food and water.","On the Pine Ridge Indian Reservation in South Dakota, extreme weather and bad roads have left some residents stranded for nearly two weeks with limited food and water.","20","The New York Times","2019-03-24T16:58:42+0000","article","National","U.S.","News","5c97b79c49f0eacbf105ec4f",1568,0,"nyt://article/ec663a01-9571-55ac-8318-73d91bdff541",NA,"‘A State of Emergency’: Native Americans Stranded for Days by Flooding",NA,NA,"Water and Mud Deepen Slurry of Despair on Sioux Reservation",NA,NA,NA,"By MITCH SMITH",NA
"61","https://www.nytimes.com/2019/03/25/world/europe/nazi-laborers-jab-holding.html","The Reimann family, with stakes in well-known brands like Krispy Kreme and Pret A Manger, have discovered that their predecessors used forced laborers.","The Reimann family, with stakes in well-known brands like Krispy Kreme and Pret A Manger, have discovered that their predecessors used forced laborers.","6","The New York Times","2019-03-25T16:38:28+0000","article","Foreign","World","News","5c99045e49f0eacbf105eeca",1015,0,"nyt://article/e74646d9-99e7-5d67-9031-2247d765a744","Europe","Germany’s Second-Richest Family Discovers a Dark Nazi Past",NA,NA,"Germany’s Second-Richest Clan Discovers Dark Nazi Past",NA,NA,NA,"By KATRIN BENNHOLD",NA
"62","https://www.nytimes.com/2019/03/24/opinion/barr-mueller-report.html","By unilaterally concluding that Mr. Trump did not obstruct justice, the attorney general has made it imperative that the public see the Mueller report.","By unilaterally concluding that Mr. Trump did not obstruct justice, the attorney general has made it imperative that the public see the Mueller report.","23","The New York Times","2019-03-24T23:06:39+0000","article","OpEd","Opinion","Op-Ed","5c980dd949f0eacbf105ecdf",1052,0,"nyt://article/f2b7f77f-d7d7-5e90-89ee-225b51ae7257",NA,"The Many Problems With the Barr Letter",NA,NA,"The Many Problems with the Barr Letter",NA,NA,NA,"By NEAL K. KATYAL",NA
"63","https://www.nytimes.com/2019/03/23/world/europe/italy-china-xi-silk-road.html","The move by Italy to join China’s “One Belt One Road” project crystallized shifting geopolitical balances and the populist Italian government’s willingness to break with its traditional partners.","The move by Italy to join China’s “One Belt One Road” project crystallized shifting geopolitical balances and the populist Italian government’s willingness to break with its traditional partners.","4","The New York Times","2019-03-23T14:34:08+0000","article","Foreign","World","News","5c96443a49f0eacbf105ea9b",972,0,"nyt://article/529e2b8c-5349-5bcb-bb83-9d27f315688b","Europe","Defying Allies, Italy Signs On to New Silk Road With China",NA,NA,"Defying Allies, Italy Joins China’s New Silk Road",NA,NA,NA,"By JASON HOROWITZ",NA
"64","https://www.nytimes.com/2019/03/22/us/fema-data-breach.html","The report said sensitive personal information of victims of the 2017 California wildfires and three hurricanes was needlessly shared with a contractor.","The report said sensitive personal information of victims of the 2017 California wildfires and three hurricanes was needlessly shared with a contractor.",NA,"The New York Times","2019-03-23T01:07:30+0000","article","Express","U.S.","News","5c95872c49f0eacbf105e9c6",462,0,"nyt://article/25e6a874-a32c-5cf3-9a4d-9ebc123711e6",NA,"Personal Data of 2.3 Million Disaster Victims Was Released by FEMA, Report Says",NA,NA,"Personal Data of 2.3 Million Disaster Victims Was Released by FEMA, Report Says",NA,NA,NA,"By CHRISTOPHER MELE",NA
"65","https://www.nytimes.com/2019/03/25/world/europe/russia-mueller-report-trump.html","Some Russians crowed over the investigation not finding collusion by the Trump campaign. But the report’s focus on election interference tempered hopes for better relations.","Some Russians crowed over the investigation not finding collusion by the Trump campaign. But the report’s focus on election interference tempered hopes for better relations.","15","The New York Times","2019-03-25T11:52:07+0000","article","Foreign","World","News","5c98c14149f0eacbf105ee35",1136,0,"nyt://article/fe066156-1dd0-56d2-b184-f7a505274142","Europe","Russians Hope Mueller Report Opens Door to Improved U.S. Ties",NA,NA,"Feeling Vindicated, Russia Cautiously Hopes for Better Ties to U.S.",NA,NA,NA,"By NEIL MacFARQUHAR",NA
"66","https://www.nytimes.com/2019/03/24/opinion/mueller-report-trump-investigation.html","A Trump-friendly attorney general’s letter doesn’t do justice to the special counsel’s investigation. Release his whole report.","A Trump-friendly attorney general’s letter doesn’t do justice to the special counsel’s investigation. Release his whole report.","22","The New York Times","2019-03-24T23:18:41+0000","article","Editorial","Opinion","Editorial","5c9810ac49f0eacbf105ecf1",1126,0,"nyt://article/a1c47496-a607-547b-acff-234813ec83c4",NA,"No Collusion, No ‘Exoneration’",NA,NA,"No Collusion, No ‘Exoneration’",NA,NA,NA,"By THE EDITORIAL BOARD","THE EDITORIAL BOARD"
"67","https://www.nytimes.com/2019/03/25/us/politics/green-new-deal-vote.html","Senate Republicans believe the Green New Deal is a political disaster for Democrats, and they will make them vote on it — possibly many times.","Senate Republicans believe the Green New Deal is a political disaster for Democrats, and they will make them vote on it — possibly many times.","13","The New York Times","2019-03-25T18:53:45+0000","article","Washington","U.S.","News","5c99241349f0eacbf105ef35",1189,0,"nyt://article/254a3d56-00a9-594e-83bc-5059949c917a","Politics","McConnell to Put Green New Deal to Test Vote in First of Many Showcases",NA,NA,"G.O.P. Senses Opportunity in Green New Deal Vote",NA,NA,NA,"By LISA FRIEDMAN and EMILY COCHRANE",NA
"68","https://www.nytimes.com/video/us/politics/100000006427477/lindsey-graham-mueller-report.html","Senator Lindsey Graham, the chairman of the Judiciary Committee, also suggested a separate inquiry into potential anti-Trump bias at the F.B.I.","Senator Lindsey Graham, the chairman of the Judiciary Committee, also suggested a separate inquiry into potential anti-Trump bias at the F.B.I.",NA,"Reuters","2019-03-25T22:59:44+0000","multimedia","U.S. / Politics","U.S.","Video","5c995dba49f0eacbf105efd7",103,0,"nyt://video/23a2940d-c236-5327-9df2-440432c68310","Politics","‘Release as Much as Possible,’ Graham Says About Mueller Report",NA,NA,NA,NA,NA,NA,"By REUTERS","REUTERS"
"69","https://www.nytimes.com/2019/03/25/business/cefc-china-patrick-ho-bribery.html","Patrick Ho, who was convicted in a bribery case connected to a Chinese oil company, received a lenient sentence partly because of good works in custody.","Patrick Ho, who was convicted in a bribery case connected to a Chinese oil company, received a lenient sentence partly because of good works in custody.","3","The New York Times","2019-03-25T19:46:47+0000","article","Business","Business","News","5c99308149f0eacbf105ef52",458,0,"nyt://article/3879c2cd-859f-5c03-a0b3-0a4768c1f9dc",NA,"Ex- Hong Kong Official Gets Lighter Sentence in Bribery Case",NA,NA,"Good Deeds Cited in Light Sentence for Bribery",NA,NA,NA,"By MATTHEW GOLDSTEIN",NA
"70","https://www.nytimes.com/2019/03/25/world/americas/russian-planes-caracas.html","The visit, which Russian sources said was routine, came at a moment when the country’s leadership is disputed — and Russia is the president’s main backer.","The visit, which Russian sources said was routine, came at a moment when the country’s leadership is disputed — and Russia is the president’s main backer.","6","The New York Times","2019-03-25T21:02:39+0000","article","Foreign","World","News","5c99424949f0eacbf105ef75",495,0,"nyt://article/1036ed36-ebb8-5857-ac03-b8933576bb3b","Americas","2 Russian Military Planes Land in Venezuela, Exacerbating Political Tension",NA,NA,"Russia Shows Open Support For Maduro With 2 Planes",NA,NA,NA,"By ANATOLY KURMANAEV",NA
"71","https://www.nytimes.com/2019/03/25/business/avocado-recall-california.html","The recalled avocados were packed at a facility in California and distributed in that state, Arizona, Florida, New Hampshire, North Carolina and Wisconsin.","The recalled avocados were packed at a facility in California and distributed in that state, Arizona, Florida, New Hampshire, North Carolina and Wisconsin.",NA,"The New York Times","2019-03-25T14:05:40+0000","article","Express","Business","News","5c98e08e49f0eacbf105ee75",513,0,"nyt://article/7f9d1413-fea0-55d6-8fba-a01f3ffa4097",NA,"California Company Recalls Avocados From Six States Over Listeria Fears",NA,NA,"",NA,NA,NA,"By MATT STEVENS",NA
"72","https://www.nytimes.com/2019/03/23/world/europe/brexit-no-deal-may.html","Frustration and numbness have driven many Britons to embrace the high-risk solution of simply walking away from negotiations with the European Union.","Frustration and numbness have driven many Britons to embrace the high-risk solution of simply walking away from negotiations with the European Union.","12","The New York Times","2019-03-23T12:45:58+0000","article","Foreign","World","News","5c962ae049f0eacbf105ea77",1377,0,"nyt://article/0e173b8f-0249-5d5c-a4a1-502dfeb84bc8","Europe","From ‘No Problem’ to No Deal: How Brexit Supporters Embraced the Cliff Edge",NA,NA,"‘We Just Want Out’: Some Are Warming to the Idea of a No-Deal Brexit",NA,NA,NA,"By ELLEN BARRY",NA
"73","https://www.nytimes.com/2019/03/25/business/turkey-jpmorgan-erdogan.html","With days until local elections, Turkey’s banking regulator accused JPMorgan Chase and other banks of issuing “misleading and manipulative” investment advice.","With days until local elections, Turkey’s banking regulator accused JPMorgan Chase and other banks of issuing “misleading and manipulative” investment advice.","6","The New York Times","2019-03-25T21:00:37+0000","article","Business","Business","News","5c9941cf49f0eacbf105ef72",654,0,"nyt://article/30554e59-eea2-5694-895b-3973ef985267",NA,"Turkey to Investigate JPMorgan Over Charges It ‘Caused Volatility’ in the Markets",NA,NA,"Turkey to Investigate JPMorgan, Charging That It Caused a Currency Run",NA,NA,NA,"By CARLOTTA GALL",NA
"74","https://www.nytimes.com/video/us/politics/100000006428018/trump-treasonous-things.html","In the aftermath of the special counsel’s conclusion that President Trump did not conspire with an effort by Russia to tilt the 2016 election, he claimed that his critics were guilty of “evil” and “treasonous” actions.","In the aftermath of the special counsel’s conclusion that President Trump did not conspire with an effort by Russia to tilt the 2016 election, he claimed that his critics were guilty of “evil” and “treasonous” actions.",NA,"AP","2019-03-25T18:45:12+0000","multimedia","U.S. / Politics","U.S.","Video","5c99221249f0eacbf105ef31",162,0,"nyt://video/8cc3fd4e-1c86-5221-9cd9-93c8cec527e1","Politics","Trump Accuses Critics of ‘Treasonous Things’",NA,NA,NA,NA,NA,NA,"By THE ASSOCIATED PRESS","THE ASSOCIATED PRESS"
"75","https://www.nytimes.com/2019/03/25/sports/michael-avenatti-extortion-nike.html","Federal prosecutors have accused Michael Avenatti and a client, a club team basketball coach, of attempting to extort millions of dollars from Nike.","Federal prosecutors have accused Michael Avenatti and a client, a club team basketball coach, of attempting to extort millions of dollars from Nike.","1","The New York Times","2019-03-25T17:15:02+0000","article","Sports","Sports","News","5c990cf049f0eacbf105eed9",1625,0,"nyt://article/f564f960-b9e2-5871-960d-d4b120383815",NA,"Michael Avenatti Is Accused in Nike Extortion Attempt",NA,NA,"Trump Nemesis Arrested in Nike Extortion Case",NA,NA,NA,"By MARC TRACY, KEVIN DRAPER and REBECCA R. RUIZ",NA
"76","https://www.nytimes.com/2019/03/25/sports/nhl-cree-broadcast.html","Sunday night’s game between Montreal and Carolina had commentators who used an Algonquian language spoken by many of Canada’s Indigenous people.","Sunday night’s game between Montreal and Carolina had commentators who used an Algonquian language spoken by many of Canada’s Indigenous people.","10","The New York Times","2019-03-25T19:14:47+0000","article","Sports","Sports","News","5c99290149f0eacbf105ef44",711,0,"nyt://article/eb9bf337-3e80-5d9e-9c15-af24488478ff",NA,"For the First Time, an N.H.L. Game Is Broadcast in Plains Cree",NA,NA,"Canada Broadcasts First Game in an Indigenous Language",NA,NA,NA,"By SALIM VALJI",NA
"77","https://www.nytimes.com/2019/03/25/us/politics/republicans-mueller-revenge.html","President Trump and his allies went on the offensive, vowing to pursue those responsible for the Russia investigation. President Trump called some of them “treasonous.”","President Trump and his allies went on the offensive, vowing to pursue those responsible for the Russia investigation. President Trump called some of them “treasonous.”","1","The New York Times","2019-03-25T22:59:46+0000","article","Washington","U.S.","News","5c995dbc49f0eacbf105efd8",1515,0,"nyt://article/4b90bbb2-eb2f-522e-ac12-11b642d95f29","Politics","Trump and Republicans Seek to Turn the Tables in Post-Mueller Washington",NA,NA,"Trump, Citing ‘Evil Deeds,’ Turns Wrath on His Critics",NA,NA,NA,"By PETER BAKER and NICHOLAS FANDOS",NA
"78","https://www.nytimes.com/2019/03/24/us/politics/right-left-react-mueller-report.html","Writers across the political spectrum offered their takes on the much-anticipated delivery of the Mueller report.","Writers across the political spectrum offered their takes on the much-anticipated delivery of the Mueller report.",NA,"The New York Times","2019-03-24T16:31:12+0000","article","Express","U.S.","News","5c97b12a49f0eacbf105ec41",777,0,"nyt://article/a4875960-1891-5896-a6ff-5cf8e6c1cbb0","Politics","Right and Left React to the Mueller Report",NA,NA,"Right and Left React to the Mueller Report",NA,NA,NA,"By SARAH MERVOSH",NA
"79","https://www.nytimes.com/2019/03/24/us/politics/mueller-trump-obstruction-of-justice.html","The special counsel, Robert S. Mueller III, punted on whether President Trump obstructed justice. Attorney General William P. Barr stepped in to exonerate the president.","The special counsel, Robert S. Mueller III, punted on whether President Trump obstructed justice. Attorney General William P. Barr stepped in to exonerate the president.","1","The New York Times","2019-03-25T01:45:28+0000","article","Washington","U.S.","News","5c98331249f0eacbf105ed24",1341,0,"nyt://article/9fcc7efb-fd3b-5239-9018-ec0de93862ed","Politics","Barr Goes Beyond Mueller in Clearing Trump on Obstruction, Drawing Scrutiny",NA,NA,"Mueller Demurs So Barr Makes A Key Decision",NA,NA,NA,"By MICHAEL S. SCHMIDT and CHARLIE SAVAGE",NA
"80","https://www.nytimes.com/2019/03/24/us/politics/trump-exonerated.html","Like everyone else in the country, the president had been forced to wait while in Washington, the attorney general pored over the special counsel’s report and decided what to make public.","Like everyone else in the country, the president had been forced to wait while in Washington, the attorney general pored over the special counsel’s report and decided what to make public.","1","The New York Times","2019-03-25T00:36:36+0000","article","Washington","U.S.","News","5c9822f149f0eacbf105ed06",1190,0,"nyt://article/bfbd1829-7b29-512f-94c5-158001cf0e85","Politics","Trump Declares Exoneration, and a War on His Enemies",NA,NA,"Quiet Weekend Closes With Triumph and Fury",NA,NA,NA,"By MARK LANDLER and MAGGIE HABERMAN",NA
"81","https://www.nytimes.com/video/us/politics/100000006426597/trump-mueller-report.html","“It was just announced there was no collusion with Russia,” President Trump said Sunday after the attorney general’s summary was released. Mr. Trump added: “It’s a shame that our country had to go through this.”","“It was just announced there was no collusion with Russia,” President Trump said Sunday after the attorney general’s summary was released. Mr. Trump added: “It’s a shame that our country had to go through this.”",NA,"AP","2019-03-24T21:38:40+0000","multimedia","U.S. / Politics","U.S.","Video","5c97f8e749f0eacbf105ecc3",170,0,"nyt://video/476e0de5-f76d-5c4a-9c29-a5fdad8508d5","Politics","Mueller Report Findings Are ‘Total Exoneration,’ Trump Claims",NA,NA,NA,NA,NA,NA,"By ASSOCIATED PRESS","ASSOCIATED PRESS"
"82","https://www.nytimes.com/2019/03/23/us/politics/mueller-report-russia-inquiry.html","Attorney General William P. Barr was determining what parts of the special counsel’s report to make public after a 22-month investigation into Russia’s effort to interfere in the 2016 election.","Attorney General William P. Barr was determining what parts of the special counsel’s report to make public after a 22-month investigation into Russia’s effort to interfere in the 2016 election.","19","The New York Times","2019-03-23T17:36:55+0000","article","Washington","U.S.","News","5c966f1149f0eacbf105eadf",1153,0,"nyt://article/c6f512b6-0959-575c-a163-34491dd2d14a","Politics","Attorney General Prepares to Brief Lawmakers and Trump on Report",NA,NA,"Attorney General Prepares to Brief Trump on Report",NA,NA,NA,"By NICHOLAS FANDOS, KATIE BENNER, MAGGIE HABERMAN and ANNIE KARNI",NA
"83","https://www.nytimes.com/2019/03/25/us/politics/trump-washington-capitals-ovechkin.html","Alex Ovechkin and the Washington Capitals were last year’s National Hockey League champions.","Alex Ovechkin and the Washington Capitals were last year’s National Hockey League champions.","10","The New York Times","2019-03-25T23:26:53+0000","article","Washington","U.S.","News","5c99641749f0eacbf105efe4",704,0,"nyt://article/bf82b4ea-5755-5fd3-98c3-8b317c3cf219","Politics","Washington’s Most Popular Russian (and His Teammates) Honored at White House",NA,NA,"Trump Honors Capitals For Bringing Cup Home",NA,NA,NA,"By ANNIE KARNI",NA
"84","https://www.nytimes.com/2019/03/25/us/black-female-virginia-police-chief.html","Tonya D. Chapman, who resigned last week as the chief in Portsmouth, Va., said she was undermined by racist officers who opposed her reform efforts.","Tonya D. Chapman, who resigned last week as the chief in Portsmouth, Va., said she was undermined by racist officers who opposed her reform efforts.","12","The New York Times","2019-03-25T22:12:35+0000","article","Express","U.S.","News","5c9952ad49f0eacbf105ef9b",746,0,"nyt://article/51139565-f7ee-5e3e-8c5a-c2fa4dbd4a59",NA,"First Black Woman to Serve as a Virginia Police Chief Says Racist Officers Forced Her Out",NA,NA,"Pioneering Black Police Chief Says Racism Forced Her Out",NA,NA,NA,"By LIAM STACK",NA
"85","https://www.nytimes.com/2019/03/24/obituaries/godfried-danneels-dead.html","He was considered a progressive in Roman Catholic leadership. But his reputation was hurt when it was learned that he had urged a victim of abuse not to talk.","He was considered a progressive in Roman Catholic leadership. But his reputation was hurt when it was learned that he had urged a victim of abuse not to talk.","7","The New York Times","2019-03-24T18:00:14+0000","article","Obits","Obituaries","Obituary (Obit)","5c97c60849f0eacbf105ec67",848,0,"nyt://article/5dabe8e8-b464-58b4-960a-b9813df7d530",NA,"Godfried Danneels, Liberal Cardinal Tainted by Sex Scandal, Dies at 85",NA,NA,"Godfried Danneels, Progressive Cardinal, Dies at 85",NA,NA,NA,"By GAIA PIANIGIANI",NA
"86","https://www.nytimes.com/2019/03/24/opinion/trump-israel-golan-heights.html","There was no need to call for recognizing Israel’s annexation of the Syrian territory.","There was no need to call for recognizing Israel’s annexation of the Syrian territory.",NA,"The New York Times","2019-03-24T19:00:04+0000","article","Editorial","Opinion","Editorial","5c97d40e49f0eacbf105ec84",772,0,"nyt://article/580906ca-4983-57af-8d11-6d6fb8cb0ef2",NA,"Trump’s Pointless Provocation on the Golan",NA,NA,"Trump’s Pointless Provocation on the Golan",NA,NA,NA,"By THE EDITORIAL BOARD","THE EDITORIAL BOARD"
"87","https://www.nytimes.com/2019/03/24/us/politics/democrats-impeaching-donald-trump.html","Democrats vowed to gain access to the full special counsel report, and seized on statements that were less than definitive in the attorney general’s summary of it.","Democrats vowed to gain access to the full special counsel report, and seized on statements that were less than definitive in the attorney general’s summary of it.","16","The New York Times","2019-03-24T23:47:07+0000","article","Washington","U.S.","News","5c98175549f0eacbf105ecfa",1224,0,"nyt://article/3e91e7bc-37ea-5283-b359-1f04aec84786","Politics","No Impeachment in View, but Democrats Push On With Investigations of Trump",NA,NA,"Democrats Vow to Push Ahead With Investigations",NA,NA,NA,"By NICHOLAS FANDOS",NA
"88","https://www.nytimes.com/2019/03/25/opinion/mueller-report-barr-congress.html","We still haven’t seen the Mueller report.","We still haven’t seen the Mueller report.",NA,"The New York Times","2019-03-25T12:13:59+0000","article","OpEd","Opinion","Op-Ed","5c98c66149f0eacbf105ee3c",766,0,"nyt://article/267afec6-777b-537f-8033-acb6f2ea6188",NA,"Three Takeaways From the Barr Letter",NA,NA,"Three Takeaways From the Barr Letter",NA,NA,NA,"By DAVID LEONHARDT",NA
"89","https://www.nytimes.com/2019/03/25/business/dealbook/mueller-trump-russia.html","Legal challenges still stand in the way of the White House, despite Robert Mueller’s good news for President Trump.","Legal challenges still stand in the way of the White House, despite Robert Mueller’s good news for President Trump.",NA,"The New York Times","2019-03-25T10:21:31+0000","article","Business","Business","News","5c98ac0549f0eacbf105ee05",2124,0,"nyt://article/2583df83-a258-56dc-b003-5408fac9246f","DealBook","DealBook Briefing: Mueller’s Done, but Trump Still Faces the Law",NA,NA,"DealBook Briefing: Mueller’s Done, but Trump Still Faces the Law",NA,NA,NA,NA,NA
"90","https://www.nytimes.com/2019/03/25/opinion/california-home-prices-climate.html","In California, where home prices are pushing people farther from their jobs, rising traffic is creating more pollution.","In California, where home prices are pushing people farther from their jobs, rising traffic is creating more pollution.",NA,"The New York Times","2019-03-25T10:00:03+0000","article","OpEd","Opinion","Op-Ed","5c98a6fe49f0eacbf105edf2",958,0,"nyt://article/2866198b-6020-5c77-a4c9-f3d131d0aece",NA,"Why Housing Policy Is Climate Policy",NA,NA,"Why Housing Policy Is Climate Policy",NA,NA,NA,"By SCOTT WIENER and DANIEL KAMMEN",NA
"91","https://www.nytimes.com/2019/03/24/business/media/cnn-fox-news-mueller.html","The news media began assessing its own coverage of the investigation hours before a breaking story punctuated a long period of speculative TV talk.","The news media began assessing its own coverage of the investigation hours before a breaking story punctuated a long period of speculative TV talk.","17","The New York Times","2019-03-24T23:13:32+0000","article","Business","Business","News","5c980f7649f0eacbf105ece7",1009,0,"nyt://article/ed1dc30c-aa49-5992-b22e-ec46b8144ffe","Media","Mueller Report News Interrupts Sunday Golf and Video Games",NA,NA,"Barr’s Memo Interrupts Sunday Golf Coverage And Video Game Event",NA,NA,NA,"By JIM WINDOLF",NA
"92","https://www.nytimes.com/2019/03/25/books/review-old-drift-namwali-serpell.html","Namwali Serpell’s first novel is about the fortunes of three families with ties to Zambia, the landlocked country in southern Africa.","Namwali Serpell’s first novel is about the fortunes of three families with ties to Zambia, the landlocked country in southern Africa.","1","The New York Times","2019-03-25T16:56:15+0000","article","Culture","Books","Review","5c99088949f0eacbf105eed1",1125,0,"nyt://article/26eefba2-3783-5926-93ac-3e53b3404d4e",NA,"‘The Old Drift’ Is a Dazzling Debut Spanning Four Generations","Books of The Times","Books of The Times"," The Mosquitoes Gossip About Us",NA,NA,NA,"By DWIGHT GARNER",NA
"93","https://www.nytimes.com/2019/03/24/world/middleeast/netanyahu-scandal-submarines-trump.html","With an election weeks away, the Israeli leader’s trip to Washington was supposed to show off his statesmanship. But controversy followed him here.","With an election weeks away, the Israeli leader’s trip to Washington was supposed to show off his statesmanship. But controversy followed him here.","6","The New York Times","2019-03-24T22:14:56+0000","article","Foreign","World","News","5c9801ba49f0eacbf105ecd1",1057,0,"nyt://article/05e35cac-09e7-5bfb-b0bc-8221f203c984","Middle East","Netanyahu Lands in U.S., but New Scandal Could Mar His Big Moment",NA,NA,"Netanyahu Lands in U.S., but New Scandal Could Mar His Big Moment",NA,NA,NA,"By DAVID M. HALBFINGER",NA
"94","https://www.nytimes.com/2019/03/24/world/europe/norway-ship-viking-sky.html","The Viking Sky was carrying more than 1,300 people when it sent a mayday alert Saturday. After recovering the use of some engines, the ship finally limped into port.","The Viking Sky was carrying more than 1,300 people when it sent a mayday alert Saturday. After recovering the use of some engines, the ship finally limped into port.","9","The New York Times","2019-03-24T13:53:01+0000","article","Foreign","World","News","5c978c1749f0eacbf105ec13",1040,0,"nyt://article/9a92ef30-274c-51d4-bd43-1cabf6205016","Europe","Viking Cruise Ship Stranded Off Norway Reaches Shore After Harrowing Rescue",NA,NA,"A Harrowing Rescue on a Norway Cruise Ship",NA,NA,NA,"By ILIANA MAGRA",NA
"95","https://www.nytimes.com/2019/03/23/world/asia/afghanistan-insider-airstrike-civilians.html","American and Afghan forces traded fire, provoked by a Taliban insider. Then, Afghan officials say, an American airstrike hit the home of a large refugee family.","American and Afghan forces traded fire, provoked by a Taliban insider. Then, Afghan officials say, an American airstrike hit the home of a large refugee family.","8","The New York Times","2019-03-23T15:48:26+0000","article","Foreign","World","News","5c9655a549f0eacbf105eab5",1064,0,"nyt://article/ebba22cb-2472-54e3-b027-8ccb67fdd437","Asia Pacific","After Deadly Insider Attack, U.S. Airstrikes Kill 14 Civilians, Afghans Say",NA,NA,"U.S. Strike Said to Kill Afghan Civilians",NA,NA,NA,"By NAJIM RAHIM, ROD NORDLAND and FAHIM ABED",NA
"96","https://www.nytimes.com/2019/03/25/us/newsom-hertzberg-data-dividend.html","Monday: Exploring Gov. Gavin Newsom’s data dividend idea; living as a transgender woman on the border; and shooting a multicamera sitcom outdoors","Monday: Exploring Gov. Gavin Newsom’s data dividend idea; living as a transgender woman on the border; and shooting a multicamera sitcom outdoors",NA,"The New York Times","2019-03-25T13:17:20+0000","article","National","U.S.","briefing","5c98d53a49f0eacbf105ee50",1257,0,"nyt://article/cfc89d8c-509a-5aa0-9c98-36585e121152",NA,"How Much Is Your Data Worth?","California Today","California Today","",NA,NA,NA,"By JILL COWAN",NA
"97","https://www.nytimes.com/2019/03/25/business/media/mueller-report-media.html","“Our job is to bring facts to light,” said Martin Baron, editor of The Washington Post. “Others make determinations about prosecutable criminal offenses.”","“Our job is to bring facts to light,” said Martin Baron, editor of The Washington Post. “Others make determinations about prosecutable criminal offenses.”","16","The New York Times","2019-03-25T23:45:31+0000","article","Business","Business","News","5c99687549f0eacbf105eff5",1286,0,"nyt://article/01159678-4acd-5105-8fcd-7212306f1a65","Media","After Mueller Report, News Media Leaders Defend Their Work",NA,NA,"After Mueller Report, News Media Leaders Defend Their Work",NA,NA,NA,"By AMY CHOZICK",NA
"98","https://www.nytimes.com/2019/03/25/obituaries/robert-w-sweet-dead.html","He was John Lindsay’s voice in tense labor talks. On the bench, he deemed panhandling free speech and said McDonald’s can’t be blamed for obesity.","He was John Lindsay’s voice in tense labor talks. On the bench, he deemed panhandling free speech and said McDonald’s can’t be blamed for obesity.","14","The New York Times","2019-03-25T18:25:09+0000","article","Obits","Obituaries","Obituary (Obit)","5c991d5f49f0eacbf105ef1a",1258,0,"nyt://article/0700faf3-1a3c-5d71-b4f2-5ebfb3e449c2",NA,"Robert W. Sweet, Mayor’s Deputy Turned Federal Judge, Is Dead at 96",NA,NA,"Robert W. Sweet, Mayor’s Deputy Turned Federal Judge, Is Dead at 96",NA,NA,NA,"By JOSEPH P. FRIED",NA
"99","https://www.nytimes.com/2019/03/23/world/europe/brexit-march-london.html","Hundreds of thousands marched in a last-ditch effort to reverse Britain’s looming split from the European Union.","Hundreds of thousands marched in a last-ditch effort to reverse Britain’s looming split from the European Union.","12","The New York Times","2019-03-23T11:57:50+0000","article","Foreign","World","News","5c961f9849f0eacbf105ea6d",1301,0,"nyt://article/aa85155a-8372-5f67-bd75-71b89cb10a96","Europe","Angry Over Brexit Stalemate, Huge Crowds March in London to Demand Second Vote",NA,NA,"Hundreds of Thousands  Of Marchers Seek Reversal",NA,NA,NA,"By BENJAMIN MUELLER and PALKO KARASZ",NA
"100","https://www.nytimes.com/2019/03/23/obituaries/rafi-eitan-dead.html","He led the team that seized the Nazi architect of the Final Solution in Argentina and later handled the American spy Jonathan Jay Pollard.","He led the team that seized the Nazi architect of the Final Solution in Argentina and later handled the American spy Jonathan Jay Pollard.","8","The New York Times","2019-03-24T01:47:27+0000","article","Obits","Obituaries","Obituary (Obit)","5c96e20949f0eacbf105eb75",1396,0,"nyt://article/a9513c7b-58a9-5b1d-83f9-78f895f34e29",NA,"Rafi Eitan, 92, Israeli Spymaster Who Caught Eichmann, Is Dead",NA,NA,"Rafi Eitan, Israeli Spymaster Who Captured Eichmann, Dies at 92",NA,NA,NA,"By JOSEPH BERGER",NA
"101","https://www.nytimes.com/2019/03/25/travel/solo-female-travel.html","The number of female solo travelers has skyrocketed, but amid Instagram-worthy escapades are tales of violence and death, raising questions about how the world is greeting women who travel alone.","The number of female solo travelers has skyrocketed, but amid Instagram-worthy escapades are tales of violence and death, raising questions about how the world is greeting women who travel alone.","1","The New York Times","2019-03-25T09:00:05+0000","article","Travel","Travel","News","5c9898f049f0eacbf105edc8",3229,0,"nyt://article/f723a721-2e1d-59bf-b747-172259660f78",NA,"Adventurous. Alone. Attacked.",NA,NA,"Adventurous. Alone. Attacked.",NA,NA,NA,"By MEGAN SPECIA and TARIRO MZEZEWA",NA
"102","https://www.nytimes.com/2019/03/25/us/politics/robert-mueller.html","Now that his report has been filed, Robert S. Mueller III is poised to return to civilian life as a figure of mystery and fascination.","Now that his report has been filed, Robert S. Mueller III is poised to return to civilian life as a figure of mystery and fascination.","15","The New York Times","2019-03-25T22:03:53+0000","article","Washington","U.S.","News","5c9950a349f0eacbf105ef96",1445,0,"nyt://article/cb521d18-9af4-52bb-9507-fde83c1c880c","Politics","As Special Counsel, Mueller Kept Such a Low Profile He Seemed Almost Invisible",NA,NA,"Man at Center of Storm Kept Such a Low Profile He Was Almost Invisible",NA,NA,NA,"By NOAH WEILAND and KATIE ROGERS",NA
"103","https://www.nytimes.com/2019/03/25/world/middleeast/rocket-tel-aviv-israel.html","Israel and Hamas exchanged fire after a rocket struck near Tel Aviv. The battle created a political crisis for Israel’s prime minister but no deaths were reported.","Israel and Hamas exchanged fire after a rocket struck near Tel Aviv. The battle created a political crisis for Israel’s prime minister but no deaths were reported.","7","The New York Times","2019-03-25T05:41:10+0000","article","Foreign","World","News","5c986a5049f0eacbf105ed76",1371,0,"nyt://article/acb17f73-04df-5d97-b8b2-6e9cdb0466c8","Middle East","Gaza Rocket Sets Off Daylong Battle Between Hamas and Israel",NA,NA,"Rocket Attack Sets Off a Daylong Battle Between Hamas and Israel",NA,NA,NA,"By ISABEL KERSHNER",NA
"104","https://www.nytimes.com/2019/03/24/world/asia/isis-philippines-syria.html","A well-educated pair from the Philippines have been captured in Syria after becoming high-profile recruiters for the terrorist group.","A well-educated pair from the Philippines have been captured in Syria after becoming high-profile recruiters for the terrorist group.","6","The New York Times","2019-03-24T06:59:07+0000","article","Foreign","World","News","5c972b1549f0eacbf105ebc5",1554,0,"nyt://article/08681263-9cc3-5f09-be13-5604eadfcc82","Asia Pacific","An ISIS Couple’s Troubling Path to Terror Recruiting",NA,NA,"From Charming Couple to Recruiters for ISIS",NA,NA,NA,"By HANNAH BEECH and JASON GUTIERREZ",NA
"105","https://www.nytimes.com/2019/03/25/nyregion/new-york-women-politics.html","A century after the first two women arrived in Albany, New Yorkers elected a record number of women to state government. Here are the stories about how they made their mark.","A century after the first two women arrived in Albany, New Yorkers elected a record number of women to state government. Here are the stories about how they made their mark.","1","The New York Times","2019-03-25T09:00:05+0000","article","Metropolitan","New York","News","5c9898f249f0eacbf105edcb",1965,0,"nyt://article/6bb5ffaa-592d-586c-bb1e-1d17d9e887c9",NA,"‘Not Just One of the Boys’: How Women Fought Their Way to N.Y.’s Seat of Power",NA,NA,"Why Albany Isn’t Just a Boys Club",NA,NA,NA,"By VIVIAN WANG",NA
"106","https://www.nytimes.com/2019/03/24/style/really-bad-stuff.html","Facebook video of the Christchurch mosque killings showed that people, not algorithms, want to share murder, gore and violence.","Facebook video of the Christchurch mosque killings showed that people, not algorithms, want to share murder, gore and violence.",NA,"The New York Times","2019-03-24T09:00:12+0000","article","Styles","Style","News","5c97477749f0eacbf105ebdc",2133,0,"nyt://article/5a58c7c4-6726-5849-bf7c-c12d01ce8634",NA,"The Internet’s Endless Appetite for Death Video",NA,NA,"The Internet’s Endless Appetite for Death Video",NA,NA,NA,"By JOHN HERRMAN",NA
"107","https://www.nytimes.com/2019/03/24/business/dealbook/lyft-ipo-cheat-sheet.html","How much will the company be valued at? What can go wrong? Who stands to get rich? Let us answer all those questions and more.","How much will the company be valued at? What can go wrong? Who stands to get rich? Let us answer all those questions and more.","5","The New York Times","2019-03-24T10:52:03+0000","article","Business","Business","News","5c9761ad49f0eacbf105ebec",1911,0,"nyt://article/22295c94-7f8a-57a6-b57d-7f4c9010465f","DealBook","DealBook Special: Everything You Need to Know About the Lyft I.P.O.",NA,NA,"What You Need to Know About the Lyft I.P.O.",NA,NA,NA,NA,NA
"108","https://www.nytimes.com/2019/03/23/opinion/this-friendship-has-been-digitized.html","Do I need to explain to my son that a bot will never have his back?","Do I need to explain to my son that a bot will never have his back?","10","The New York Times","2019-03-23T18:30:07+0000","article","OpEd","Opinion","Op-Ed","5c967b8949f0eacbf105eaf7",1840,0,"nyt://article/2493be2b-9e10-5f2b-995f-4587bb4a191d","Sunday Review","This Friendship Has Been Digitized","The Stone","The Stone","This Friendship Has Been Digitized",NA,NA,NA,"By STEPHEN T. ASMA",NA
"109","https://www.nytimes.com/2019/03/23/style/maureen-dowd-danny-devito.html","Could playing the ringmaster in the new “Dumbo” be an allegory for our political circus?","Could playing the ringmaster in the new “Dumbo” be an allegory for our political circus?","1","The New York Times","2019-03-23T10:00:08+0000","article","Styles","Style","News","5c96040249f0eacbf105ea59",2278,0,"nyt://article/2daec423-2070-5f00-bf5a-55c6bece8821",NA,"It’s Delightful, It’s Delicious, It’s DeVito","with …","with …","The Fearless Ringmaster",NA,NA,NA,"By MAUREEN DOWD",NA
